Planet;Name;Mission Chain;Type;Objective;Repeatable;Reward;Reward Skills;Mission Broker;Longitude;Latitude;Nearest City;Required Mission;Added;Removed
Planet Cyrene;01 - Meet with Zorra;Zorra's Epic;Dialog;Listen to all of Zorra's information.;No; ; ;Zorra Winters;138866;77211;A.R.C. Staging;;;;
Planet Cyrene;02 - Skilled Messenger;Zorra's Epic;Hunting;Imperium;No; ; ;Zorra Winters;138866;77211;A.R.C. Staging;01 - Meet with Zorra;;;
ROCKtropia;2 Timez Two Times;NWO Prison; ;Zomhattan St Boys;No;Dexterity;Dexterity;2-Timez; ; ;No Way Out Correctional facility;D-Block Mafia Memory;;;
Planet Cyrene;03 - Zorra Approves, You are the Emissary;Zorra's Epic;Dialog;Learn more about the Zyn'Kimbro as a culture.;No; ; ;Zorra Winters;138866;77211;A.R.C. Staging;02 - Skilled Messenger;;;
Planet Cyrene;04 - At the Behest of the High Shaman;Zorra's Epic;Hunting;Mang Chang;No; ; ;; ; ;A.R.C. Immigration - Zyn;03 - Zorra Approves, You are the Emissary;;;
ROCKtropia;5 Pound Dumbells Workout #3;5 Pound Dumbells;Hunting;Thieves;No;Aim;Aim;Ivan;135756;88074;New Harlem;5 Pound Dumbells Workout #2;12.4.3;;
Planet Cyrene;05 - Prove Your Worth;Zorra's Epic;Hunting;Paneleon;No; ; ;; ; ;A.R.C. Immigration - Zyn;04 - At the Behest of the High Shaman;;;
ROCKtropia;5 Pound Dumbells Workout #1;5 Pound Dumbells;Hunting;Thieves;No;Aim;Aim;Ivan;135756;88074;New Harlem;;12.4.2;;
ROCKtropia;5 Pound Dumbells Workout #2;5 Pound Dumbells;Hunting;Thieves;No;Aim;Aim;Ivan;135756;88074;New Harlem;5 Pound Dumbells Workout #1;12.4.3;;
Planet Cyrene;06 - Vengeance for the Fallen;Zorra's Epic;Hunting;Zyn'Dos;No; ; ;; ; ;A.R.C. Immigration - Zyn;05 - Prove Your Worth;;;
Planet Cyrene;07 - A Tale of Legends;Zorra's Epic;Dialog;Listen to the tale of Lazidol!;No; ; ;; ; ;A.R.C. Immigration - Zyn;06 - Vengeance for the Fallen;;;
Planet Cyrene;08 - Summon the Gladiator;Zorra's Epic;Hunting;Merfolken;No; ; ;; ; ;A.R.C. Immigration - Zyn;07 - A Tale of Legends;;;
Planet Cyrene;09 - The Legends were True;Zorra's Epic;Dialog;Listen to the High Shaman's Plan!;No; ; ;; ; ;A.R.C. Immigration - Zyn;08 - Summon the Gladiator;;;
Planet Cyrene;10 - A Powerful Summons;Zorra's Epic;Crafting;The High Shaman needs you to give him 40 Imperium Key Cubes.;No; ; ;; ; ;A.R.C. Immigration - Zyn;09 - The Legends were True;;;
Planet Cyrene;11 - Not Quite Complete;Zorra's Epic;Hunting;Skreel;No; ; ;; ; ;A.R.C. Immigration - Zyn;10 - A Powerful Summons;;;
Planet Cyrene;12 - A Deserved Reward;Zorra's Epic;Dialog;Refine 6 Items and turn in for reward;No;Zyn'kimbro Fishing Spear; ;; ; ;A.R.C. Immigration - Zyn;11 - Not Quite Complete;;;
Planet Cyrene;13 - Hail Lazidol, The Great Sea Beast;Zorra's Epic;Dialog;Talk to the High Shaman to get a Lazidol Lure to be able to summon Lazidol.;No;Great Sea Beast Lazidol; ;; ; ;A.R.C. Immigration - Zyn;12 - A Deserved Reward;;;
Planet Cyrene;14 - Strange Times...;Zorra's Epic; ;...Indeed;No; ; ;; ; ;A.R.C. Immigration - Zyn;13 - Hail Lazidol, The Great Sea Beast;;;
Planet Cyrene;20,000 Crystal Pede Weekly;A.R.C. Challenge - Crystal Pedes;Hunting;Crystal Pede;Yes;Aim;Aim;Executor Andre;138458;77193;0x101 Supply Depot;A.R.C. Challenge - 50,000 Crystal Pede points;Cyrene VU - 30-05-17;;
Planet Cyrene;20,000 Dire Weed/Plant Weekly;A.R.C Challenge - Dire Weeds;Hunting;Dire Weed;Yes;Laser Weaponry Technology;Laser Weaponry Technology;Executor Andre;138458;77193;0x101 Supply Depot;A.R.C. Challenge - 50,000 Dire Weeds;Cyrene VU - 30-05-17;;
Planet Cyrene;20,000 Imperium Pilot Weekly;Field Detail;Hunting;Imperium Pilot;Yes; ; ;Executor Andre;138458;77193;0x101 Supply Depot;Field Detail - Rank 5;Cyrene VU - 30-05-17;;
Planet Cyrene;20,000 Imperium Weekly;Imperium Killer;Hunting;Imperium Vets, Grunts or Scouts;Yes; ; ;Executor Andre;138458;77193;0x101 Supply Depot;Imperium Killer - Rank 5;Cyrene VU - 30-05-17;;
Planet Cyrene;20,000 Mang Chang Weekly;The Heart of the Plains;Hunting;Mang Chang;Yes;Bravado;Bravado;Executor Andre;138458;77193;0x101 Supply Depot;The Heart of the Plains - Rank 5;Cyrene VU - 30-05-17;;
Planet Cyrene;20,000 Nimet Weekly;The Nimet Hunter;Hunting;Nimet;Yes;Combat Reflexes;Combat Reflexes;Executor Andre;138458;77193;0x101 Supply Depot;The Nimet Hunter - Rank 6;Cyrene VU - 30-05-17;;
Planet Cyrene;20,000 Paneleons Weekly;A.R.C. Challenge - Paneleons;Hunting;Paneleon;Yes;Inflict Ranged Damage;Inflict Ranged Damage;Executor Andre;138458;77193;0x101 Supply Depot;A.R.C. Challenge - 9000 Old Alpha Paneleons;Cyrene VU - 30-05-17;;
Planet Cyrene;20,000 Rhino Beetle Weekly;Rhino Rampage;Hunting;Rhino Beetle;Yes; ; ;Executor Andre;138458;77193;0x101 Supply Depot;Rhino Rampage - Rank 5;Cyrene VU - 30-05-17;;
Planet Cyrene;20,000 Swamp Lurker Weekly;A.R.C. Challenge - Swamp Lurkers;Hunting;Swamp Lurker;Yes;BLP Weapon Technology;BLP Weaponry Technology;Executor Andre;138458;77193;0x101 Supply Depot;A.R.C. Challenge - 9000 Swamp Lurkers;Cyrene VU - 30-05-17;;
Planet Cyrene;20,000 Tide Claw Weekly;A.R.C. Challenge - Tide Claws;Hunting;Tide Claw;Yes; ; ;Executor Andre;138458;77193;0x101 Supply Depot;A.R.C. Challenge - 50,000 Tide Claws points;Cyrene VU - 30-05-17;;
ROCKtropia;30 Pound Dumbells Workout #1;30 Pound Dumbells;Hunting;Daikiba;No;First Aid;First Aid;Ivan;135756;88074;New Harlem;5 Pound Dumbells Workout #3;12.4.3;;
ROCKtropia;30 Pound Dumbells Workout #2;30 Pound Dumbells;Hunting;Daikiba;No;Dexterity;Dexterity;; ; ;New Harlem;30 Pound Dumbells Workout #1;12.4.3;;
ROCKtropia;30 Pound Dumbells Workout #3;30 Pound Dumbells;Hunting;Daikiba;No;Alertness ;Alertness;; ; ;New Harlem;30 Pound Dumbells Workout #2;12.6.3+;;
ROCKtropia;30 Pound Dumbells Workout #4;30 Pound Dumbells;Hunting;Daikiba; ;Courage;Courage;Ivan;135756;88074;New Harlem;30 Pound Dumbells Workout #3;;;
ROCKtropia;100 Pound Benchpress Workout #1;100 Pound Benchpress;Hunting;RipperSnapper; ;Aim;Aim;; ; ;New Harlem;30 Pound Dumbells Workout #3;;;
ROCKtropia;100 Pound Benchpress Workout #2;100 Pound Benchpress;Hunting;Kill 500 RipperSnapper;No;Combat Reflexes(0.67 PED TT);Combat Reflexes;; ; ;New Harlem;;;;
ROCKtropia;100 Pound Benchpress Workout #3;100 Pound Benchpress;Hunting;Kill 1000 RipperSnapper;No;Evade(0.60 PED);Evade;; ; ;New Harlem;100 Pound Benchpress Workout #2;;;
ROCKtropia;100 Pound Benchpress Workout #4;100 Pound Benchpress Workout;hunting;Kill 5000 RipperSnapper;No;first aid;First Aid;; ; ;;100 Pound Benchpress Workout #3;;;
ROCKtropia;120 Pound Dumbells Workout #1;120 Pound Dumbells;Hunting;Atrox;No;Dodge;Dodge;; ; ;New Harlem;30 Pound Dumbells Workout #3;12.4.3;;
ROCKtropia;120 Pound Dumbells Workout #2;120 Pound Dumbells;Hunting;Atrox;No;Nova Fragment; ;; ; ;New Harlem;120 Pound Dumbells Workout #1;12.4.3;;
ROCKtropia;200 Pound Benchpress Workout #1;200 Pound Benchpress;Hunting;Hiryuu;No;Alterness;Alertness;Ivan;135756;88074;New Harlem;;;;
 ;; ; ; ; ; ; ;; ; ;;;;;
Planet Cyrene;"Scary" Hackfin; ;Hunting;Hackfin;No;Imperium Armor Plating I; ;Long John Silvers;138112;76695;;;Planet Cyrene 2012.1;;
ROCKtropia;(Bosco);NWO Prison;Hunting;Unknown;No;Unknown; ;; ; ;No Way Out Correctional facility;(Hacker);;;
ROCKtropia;(Hacker);NWO Prison;Hunting;Unknown;No;Unknown; ;Hacker; ; ;No Way Out Correctional facility;Jokers Laugh;;;
Planet Cyrene;A.R.C. Challenge - 20,000 Crystal Pede points;A.R.C. Challenge - Crystal Pedes;Hunting;Crystal Pede;No;Strength;Anatomy;Challenger Jerome;135325;78958;Miner Isles;A.R.C. Challenge - 9000 Crystal Pede;;;
Planet Cyrene;A.R.C. Challenge - 20,000 Dire Weeds;A.R.C Challenge - Dire Weeds;Hunting;Dire Weed;No;Agility;Agility;Challenger Russell;138782;77664;Rookie Training Area;A.R.C. Challenge - 9000 Dire Weeds;;;
Planet Cyrene;A.R.C. Challenge - 20,000 Tide Claws points;A.R.C. Challenge - Tide Claws;Hunting;Tide Claw;No;Stamina;BLP Weaponry Technology;Challenger Esther;138880;77227;A.R.C. Staging;A.R.C. Challenge - 9000 Tide Claws;;;
Planet Cyrene;A.R.C. Challenge - 50,000 Crystal Pede points;A.R.C. Challenge - Crystal Pedes;Hunting;Crystal Pede;No;Dexterity;Dexterity;Challenger Jerome;135325;78958;Miner Isles;A.R.C. Challenge - 20,000 Crystal Pede points;;;
Planet Cyrene;A.R.C. Challenge - 50,000 Dire Weeds;A.R.C Challenge - Dire Weeds;Hunting;Dire Weed;No; ; ;Challenger Russell;138782;77664;Rookie Training Area;A.R.C. Challenge - 20,000 Dire Weeds;;;
Planet Cyrene;A.R.C. Challenge - 50,000 Tide Claws points;A.R.C. Challenge - Tide Claws;Hunting;Tide Claw;No;Rifle;Handgun;Challenger Esther;138880;77227;A.R.C. Staging;A.R.C. Challenge - 20,000 Tide Claws points;;;
Planet Cyrene;A.R.C. Challenge - 100 Crystal Pedes;A.R.C. Challenge - Crystal Pedes;Hunting;Crystal Pede;No;Dexterity;Dexterity;Challenger Jerome;135325;78958;Miner Isles;;Planet Cyrene 2012.5.1;;
Planet Cyrene;A.R.C. Challenge - 100 Dire Weeds;A.R.C Challenge - Dire Weeds;Hunting;Dire Weed;No;Perception;Perception;Challenger Russell;138782;77664;Rookie Training Area;;;;
Planet Cyrene;A.R.C. Challenge - 100 Old Alpha Paneleons;A.R.C. Challenge - Paneleons;Hunting;Paneleons;No;Combat Reflexes;Combat Reflexes;Challenger Harman;135306;78980;Miner Isles;;Planet Cyrene 2012.5.1;;
Planet Cyrene;A.R.C. Challenge - 100 Swamp Lurkers;A.R.C. Challenge - Swamp Lurkers;Hunting;Swamp Lurkers;No;Aim;Aim;Challenger Mordecai;138869;77129;A.R.C. Staging;;;;
Planet Cyrene;A.R.C. Challenge - 100 Tide Claws;A.R.C. Challenge - Tide Claws;Hunting;Tide Claw;No;Bravado;Bravado;Challenger Esther;138880;77227;A.R.C. Staging;;;;
Planet Cyrene;A.R.C. Challenge - 500 Crystal Pede;A.R.C. Challenge - Crystal Pedes;Hunting;Crystal Pede;No;Evade;Bravado;Challenger Jerome;135325;78958;Miner Isles;A.R.C. Challenge - 100 Crystal Pedes;Planet Cyrene 2012.5.1;;
Planet Cyrene;A.R.C. Challenge - 500 Dire Weeds;A.R.C Challenge - Dire Weeds;Hunting;Dire Weed;No;Inflict Ranged Damage;Combat Reflexes;Challenger Russell;138782;77664;Rookie Training Area;A.R.C. Challenge - 100 Dire Weeds;;;
Planet Cyrene;A.R.C. Challenge - 500 Old Alpha Paneleons;A.R.C. Challenge - Paneleons;Hunting;Paneleons;No;First Aid;First Aid;Challenger Harman;135306;78980;Miner Isles;A.R.C. Challenge - 100 Old Alpha Paneleons;Planet Cyrene 2012.5.1;;
Planet Cyrene;A.R.C. Challenge - 500 Swamp Lurkers;A.R.C. Challenge - Swamp Lurkers;Hunting;Swamp Lurkers;No;Longblades;Longblades;Challenger Mordecai;138869;77129;A.R.C. Staging;A.R.C. Challenge - 100 Swamp Lurkers;;;
Planet Cyrene;A.R.C. Challenge - 500 Tide Claws;A.R.C. Challenge - Tide Claws;Hunting;Tide Claw;No;Rifle;Clubs;Challenger Esther;138880;77227;A.R.C. Staging;A.R.C. Challenge - 100 Tide Claws;;;
Planet Cyrene;A.R.C. Challenge - 1000 Crystal Pede;A.R.C. Challenge - Crystal Pedes;Hunting;Crystal Pede;No;Ripper Hide Armor Plate (L) Blueprint (L); ;Challenger Jerome;135325;78958;Miner Isles;A.R.C. Challenge - 500 Crystal Pede;Planet Cyrene 2012.5.1;;
Planet Cyrene;A.R.C. Challenge - 1000 Dire Weeds;A.R.C Challenge - Dire Weeds;Hunting;Dire Weed;No;DragonFly Helicopter (L) Blueprint (L); ;Challenger Russell;138782;77664;Rookie Training Area;A.R.C. Challenge - 500 Dire Weeds;;;
Planet Cyrene;A.R.C. Challenge - 1000 Old Alpha Paneleons;A.R.C. Challenge - Paneleons;Hunting;Paneleons;No;Imperium Detectonator X2 (L) Blueprint (L); ;Challenger Harman;135306;78980;Miner Isles;A.R.C. Challenge - 500 Old Alpha Paneleons;Planet Cyrene 2012.5.1;;
Planet Cyrene;A.R.C. Challenge - 1000 Swamp Lurkers;A.R.C. Challenge - Swamp Lurkers;Hunting;Swamp Lurkers;No;O.S. F.A.P. M1 (L) Blueprint (L); ;Challenger Mordecai;138869;77129;A.R.C. Staging;A.R.C. Challenge - 500 Swamp Lurkers;;;
Planet Cyrene;A.R.C. Challenge - 1000 Tide Claws;A.R.C. Challenge - Tide Claws;Hunting;Tide Claw;No;Enkidd Howler S4 Blueprint (L); ;Challenger Esther;138880;77227;A.R.C. Staging;A.R.C. Challenge - 500 Tide Claws;;;
Planet Cyrene;A.R.C. Challenge - 5000 Crystal Pede;A.R.C. Challenge - Crystal Pedes;Hunting;Crystal Pede;No;Cyrene Mission Token; ;Challenger Jerome;135325;78958;Miner Isles;A.R.C. Challenge - 1000 Crystal Pede;Planet Cyrene 2012.5.1;;
Planet Cyrene;A.R.C. Challenge - 5000 Dire Weeds;A.R.C Challenge - Dire Weeds;Hunting;Dire Weed;No;Cyrene Mission Token; ;Challenger Russell;138782;77664;Rookie Training Area;A.R.C. Challenge - 1000 Dire Weeds;;;
Planet Cyrene;A.R.C. Challenge - 5000 Old Alpha Paneleons;A.R.C. Challenge - Paneleons;Hunting;Paneleons;No;Cyrene Mission Token;Weapons Handling;Challenger Harman;135306;78980;Miner Isles;A.R.C. Challenge - 1000 Old Alpha Paneleons;Planet Cyrene 2012.5.1;;
Planet Cyrene;A.R.C. Challenge - 5000 Swamp Lurkers;A.R.C. Challenge - Swamp Lurkers;Hunting;Swamp Lurkers;No;Cyrene Mission Token; ;Challenger Mordecai;138869;77129;A.R.C. Staging;A.R.C. Challenge - 1000 Swamp Lurkers;;;
Planet Cyrene;A.R.C. Challenge - 5000 Tide Claws;A.R.C. Challenge - Tide Claws;Hunting;Tide Claw;No;Cyrene Mission Token; ;Challenger Esther;138880;77227;A.R.C. Staging;A.R.C. Challenge - 1000 Tide Claws;;;
Planet Cyrene;A.R.C. Challenge - 9000 Crystal Pede;A.R.C. Challenge - Crystal Pedes;Hunting;Crystal Pede;No;Psyche;Combat Reflexes;Challenger Jerome;135325;78958;Miner Isles;A.R.C. Challenge - 5000 Crystal Pede;Planet Cyrene 2012.5.1;;
Planet Cyrene;A.R.C. Challenge - 9000 Dire Weeds;A.R.C Challenge - Dire Weeds;Hunting;Dire Weed;No;Stamina;BLP Weaponry Technology;Challenger Russell;138782;77664;Rookie Training Area;A.R.C. Challenge - 5000 Dire Weeds;;;
Planet Cyrene;A.R.C. Challenge - 9000 Old Alpha Paneleons;A.R.C. Challenge - Paneleons;Hunting;Paneleons;No;Strength;Cryogenics;Challenger Harman;135306;78980;Miner Isles;A.R.C. Challenge - 5000 Old Alpha Paneleons;Planet Cyrene 2012.5.1;;
Planet Cyrene;A.R.C. Challenge - 9000 Swamp Lurkers;A.R.C. Challenge - Swamp Lurkers;Hunting;Swamp Lurkers;No;Agility;Agility;Challenger Mordecai;138869;77129;A.R.C. Staging;A.R.C. Challenge - 5000 Swamp Lurkers;;;
Planet Cyrene;A.R.C. Challenge - 9000 Tide Claws;A.R.C. Challenge - Tide Claws;Hunting;Tide Claw;No;Intelligence;Aim;Challenger Esther;138880;77227;A.R.C. Staging;A.R.C. Challenge - 5000 Tide Claws;;;
Planet Cyrene;A.R.C. Faction - Rank 1 (Multiple Missions);A.R.C. Faction;Hunting;Earn 200 Badges via Various Missions;No;A.R.C. Faction Badge; ;A.R.C. Faction Mission Terminals;133299;74878;Tans'Ta'Oh;;15.1.1;;
Planet Cyrene;A.R.C. Faction - Stage 2 - A.R.C. Summoner;A.R.C. Faction;Hunting;boss mob;Yes;A.R.C. Faction Badge; ;A.R.C. Summoner Ralphio;138342;77264;A.R.C. Immigration - Tanhok;A.R.C. Faction - Rank 1 (Multiple Missions);;;
Planet Cyrene;A.R.C. Faction - Stage 2 - Mining #1;A.R.C. Faction;Mining;Zorn Star Ore;Yes;A.R.C. Faction Badge; ;Leigh - A.R.C. Relief Collections;138518;77278;0x101 Supply Depot;A.R.C. Faction - Rank 1 (Multiple Missions);;;
Planet Cyrene;A.R.C. Faction - Stage 2 - Mining #2;A.R.C. Faction;Mining;Find 3 Yellow Crystal deposits;Yes;A.R.C. Faction Badge; ;Leigh - A.R.C. Relief Collections;138518;77278;0x101 Supply Depot;A.R.C. Faction - Rank 1 (Multiple Missions);;;
Planet Cyrene;A.R.C. Faction - Stage 2 - Mining #3;A.R.C. Faction;Mining;Find 3 Kaisenite Stone deposits;Yes;A.R.C. Faction Badge; ;Leigh - A.R.C. Relief Collections;138518;77278;0x101 Supply Depot;A.R.C. Faction - Rank 1 (Multiple Missions);;;
Planet Cyrene;A.R.C. Faction - Stage 2 - Mining #4;A.R.C. Faction;Mining;Find 3 Green Crystals deposits;Yes;A.R.C. Faction Badge; ;Leigh - A.R.C. Relief Collections;138518;77278;0x101 Supply Depot;A.R.C. Faction - Rank 1 (Multiple Missions);;;
Planet Cyrene;A.R.C. Faction - Stage 2 - Mining #5;A.R.C. Faction;Mining;Find 3 Blue Crystal deposits;Yes;A.R.C. Faction Badge; ;Leigh - A.R.C. Relief Collections;138518;77278;0x101 Supply Depot;A.R.C. Faction - Rank 1 (Multiple Missions);;;
Planet Cyrene;A.R.C. Rank 1 Congratulations;A.R.C. Faction;Dialog;Talk to Zorra on the Hub, through rank 1 Teleporter (200 badges are needed);No;Achievement & Access to Terminal; ;Zorra Winters (Hub); ; ;The Hub;;;;
Planet Cyrene;A.R.C. Rank 2 Congratulations;A.R.C. Faction;Dialog;Talk to Zorra on the Hub, through rank 2 Teleporter (500 badges are needed);No;Achievement & Access to Terminal; ;Zorra Winters (Hub); ; ;The Hub;A.R.C. Rank 1 Congratulations;;;
Planet Cyrene;A.R.C. Rank 3 Congratulations;A.R.C. Faction;Dialog;Talk to Zorra on the Hub, through rank 3 Teleporter (1200 badges are needed);No;Achievement & Access to Terminal; ;Zorra Winters (Hub); ; ;The Hub;A.R.C. Rank 2 Congratulations;;;
Planet Arkadia;ACA - A Little Style;ACA;Exploring;Report to the Clothing Store; ;Carapace Pants; ;Dr. Arijan Saymos;30800;13438;Celeste Harbour;ACA - IFN Medical;;;
Planet Arkadia;ACA - Armoury;ACA;Exploring;Visit the Armoury; ;Carapace Vest (L); ;Herman Industries Representative;30975;13513;Celeste Harbour;ACA - Weaponry Store;;;
Planet Arkadia;ACA Challenge - Dehera Defenders Stage 1;ACA Dehera Defenders;Instance;Dehera;No;Anatomy;Anatomy;ACA Representative; ; ;Aakas;;;;
Planet Arkadia;ACA Challenge - Dehera Defenders Stage 2;ACA Dehera Defenders;Instance;Dehera;No;Courage;Courage;ACA Representative; ; ;Aakas;ACA Challenge - Dehera Defenders Stage 1;;;
Planet Arkadia;ACA Challenge - Dehera Defenders Stage 3;ACA Dehera Defenders;Instance;Dehera;No;Athletics;Athletics;ACA Representative; ; ;Aakas;ACA Challenge - Dehera Defenders Stage 2;;;
Planet Arkadia;ACA Challenge - Dehera Defenders Stage 4;ACA Dehera Defenders;Instance;Dehera;No;First Aid;Agility;ACA Representative; ; ;Aakas;ACA Challenge - Dehera Defenders Stage 3;;;
Planet Arkadia;ACA Challenge - Dehera Defenders Stage 5;ACA Dehera Defenders;Instance;Dehera;No;Evade;Evade;ACA Representative; ; ;Aakas;ACA Challenge - Dehera Defenders Stage 4;;;
Planet Arkadia;ACA Challenge - Dehera Sentinel Stage 1;ACA Dehera Sentinel;Instance;Dehera;No;Aim;Aim;ACA Representative; ; ;Aakas;;;;
Planet Arkadia;ACA Challenge - Dehera Sentinel Stage 2;ACA Dehera Sentinel;Instance;Dehera;No;Inflict Ranged Damage;Inflict Ranged Damage;ACA Representative; ; ;Aakas;ACA Challenge - Dehera Sentinel Stage 1;;;
Planet Arkadia;ACA Challenge - Dehera Sentinel Stage 3;ACA Dehera Sentinel;Instance;Dehera;No;Rifle;Rifle;ACA Representative; ; ;Aakas;ACA Challenge - Dehera Sentinel Stage 2;;;
Planet Arkadia;ACA Challenge - Dehera Sentinel Stage 4;ACA Dehera Sentinel;Instance;Dehera;No;Plasma Weaponry Technology;Agility;ACA Representative; ; ;Aakas;ACA Challenge - Dehera Sentinel Stage 3;;;
Planet Arkadia;ACA Challenge - Dehera Sentinel Stage 5;ACA Dehera Sentinel;Instance;Dehera;No;Evade;Evade;ACA Representative; ; ;Aakas;ACA Challenge - Dehera Sentinel Stage 4;;;
Planet Arkadia;ACA Challenge - Dehera Sentinel Stage 6;ACA Dehera Sentinel;Instance;Dehera Sentinels;Yes;Dehera Sentinel Figurine;Melee Combat;ACA Representative; ; ;Aakas;ACA Challenge - Dehera Sentinel Stage 5;;;
Planet Arkadia;ACA Challenge - Magurg Female Stage 1;ACA Magurg Female;Hunting;Magurg Female;No;Dexterity;Dexterity;ACA Representative; ; ;Aakas;;;;
Planet Arkadia;ACA Challenge - Magurg Female Stage 2;ACA Magurg Female;Hunting;Magurg Female;No;Athletics;Athletics;ACA Representative; ; ;Aakas;ACA Challenge - Magurg Female Stage 1;;;
Planet Arkadia;ACA Challenge - Magurg Female Stage 3;ACA Magurg Female;Hunting;Magurg Female;No;Intelligence;Courage;ACA Representative; ; ;Aakas;ACA Challenge - Magurg Female Stage 2;;;
Planet Arkadia;ACA Challenge - Magurg Female Stage 4;ACA Magurg Female;Hunting;Magurg Female;No;Agility;Agility;ACA Representative; ; ;Aakas;ACA Challenge - Magurg Female Stage 3;;;
Planet Arkadia;ACA Challenge - Magurg Female Stage 5;ACA Magurg Female;Hunting;Magurg Female;No;Agility;Agility;ACA Representative; ; ;Aakas;ACA Challenge - Magurg Female Stage 4;;;
Planet Arkadia;ACA Challenge - Magurg Male Stage 1;ACA Magurg Male;Hunting;Magurg Male;No;Perception;Perception;ACA Representative; ; ;Aakas;;;;
Planet Arkadia;ACA Challenge - Magurg Male Stage 2;ACA Magurg Male;Hunting;Magurg Male;No;Vehicle Repairing;Vehicle Repairing;ACA Representative; ; ;Aakas;ACA Challenge - Magurg Male Stage 1;;;
Planet Arkadia;ACA Challenge - Magurg Male Stage 3;Aca Magurg Male;Hunting;Magurg Male;No;Agility;Agility;ACA Representative; ; ;Aakas;ACA Challenge - Magurg Male Stage 2;;;
Planet Arkadia;ACA Challenge - Magurg Male Stage 4;ACA Magurg Male;Hunting;Magurg Male;No;Psyche;Inflict Ranged Damage;ACA Representative; ; ;Aakas;ACA Challenge - Magurg Male Stage 3;;;
Planet Arkadia;ACA Challenge - Magurg Male Stage 5;ACA Magurg Male;Hunting;Magurg Male;No;Agility;Agility;ACA Representative; ; ;Aakas;ACA Challenge - Magurg Male Stage 4;;;
Planet Arkadia;ACA Challenge - Rakta Stage 1;ACA Rakta;Hunting;Rakta;No;Power Fist;Power Fist;ACA Representative; ; ;Aakas;;;;
Planet Arkadia;ACA Challenge - Rakta Stage 2;ACA Rakta;Hunting;Rakta;No;Rifle;Rifle;ACA Representative; ; ;Aakas;ACA Challenge - Rakta Stage 1;;;
Planet Arkadia;ACA Challenge - Rakta Stage 3;ACA Rakta;Hunting;Rakta;No;Longblades;Longblades;ACA Representative; ; ;Aakas;ACA Challenge - Rakta Stage 2;;;
Planet Arkadia;ACA Challenge - Rakta Stage 4;ACA Rakta;Hunting;Rakta;No;BLP Weaponry Technology;BLP Weaponry Technology;ACA Representative; ; ;Aakas;ACA Challenge - Rakta Stage 3;;;
Planet Arkadia;ACA Challenge - Rakta Stage 5;ACA Rakta;Hunting;Rakta;No;Heavy Melee Weapons;Heavy Melee Weapons;ACA Representative; ; ;Aakas;ACA Challenge - Rakta Stage 4;;;
Planet Arkadia;ACA Challenge - Ubo Stage 1;ACA Ubo;Hunting;Ubo;No;Handgun;Handgun;ACA Representative; ; ;Aakas;;;;
Planet Arkadia;ACA Challenge - Ubo Stage 2;ACA Ubo;Hunting;Ubo;No;Combat Reflexes;Combat Reflexes;ACA Representative; ; ;Aakas;ACA Challenge - Ubo Stage 1;;;
Planet Arkadia;ACA Challenge - Ubo Stage 3;ACA Ubo;Hunting;Ubo;No;Explosive Projectile Weaponry;Explosive Projectile Weaponry Technology;ACA Representative; ; ;Aakas;ACA Challenge - Ubo Stage 2;;;
Planet Arkadia;ACA Challenge - Ubo Stage 4;ACA Ubo;Hunting;Ubo;No;Intelligence;Inflict Melee Damage;ACA Representative; ; ;Aakas;ACA Challenge - Ubo Stage 3;;;
Planet Arkadia;ACA Challenge - Ubo Stage 5;ACA Ubo;Hunting;Ubo;No;Agility;Agility;ACA Representative; ; ;Aakas;ACA Challenge - Ubo Stage 4;;;
Planet Arkadia;ACA Challenge - Yarrijak Stage 1;ACA Yarrijak;Instance;Yarrijak;No;Shortblades;Shortblades;ACA Representative; ; ;Aakas;;;;
Planet Arkadia;ACA Challenge - Yarrijak Stage 2;ACA Yarrijak;Instance;Yarrijak;No;Handgun;Handgun;ACA Representative; ; ;Aakas;ACA Challenge - Yarrijak Stage 1;;;
Planet Arkadia;ACA Challenge - Yarrijak Stage 3;ACA Yarrijak;Instance;Yarrijak;No;Rifle;Rifle;ACA Representative; ; ;Aakas;ACA Challenge - Yarrijak Stage 2;;;
Planet Arkadia;ACA Challenge - Yarrijak Stage 4;ACA Yarrijak;Instance;Yarrijak;No;Aim;Aim;ACA Representative; ; ;Aakas;ACA Challenge - Yarrijak Stage 3;;;
Planet Arkadia;ACA Challenge - Yarrijak Stage 5;ACA Yarrijak;Instance;Yarrijak;No;?; ;ACA Representative; ; ;Aakas;ACA Challenge - Yarrijak Stage 4;;;
Planet Arkadia;ACA - Check out Research Depot;ACA;Exploring;Find the Research Depot; ; ; ;Staff Sergeant Billingsworth;30727;13366;;ACA - A Little Style;;;
Planet Arkadia;ACA - Check the Watchtowers;ACA;Exploring;Check the 5 watchtowers; ; ; ;Lieutenant Commander Chan;30523;17360;Resolute Firebase;ACA - Report to Chan;;;
Planet Arkadia;ACA - En Route to IFN Depot;ACA;Exploring;Find Resolute Firebase; ; ; ;Sergeant Jong;30042;17821;New Arrivals Hangar;ACA - Oratan Alert (Mission chain start);;;
Planet Arkadia;ACA - IFN Medical;ACA;Exploring;Report to IFN Medical; ;GYRO FAP Trainer (L); ;Lorika Tek Representative;30933;13415;Celeste Harbour;ACA - Armoury;;;
Planet Arkadia;ACA Killpoint Challenge - Ubo Stage 6;ACA Ubo;Hunting;Ubo;Yes;Ubo Figurine;Handgun;IFN Terminal; ; ;;ACA Challenge - Ubo Stage 5;;;
Planet Arkadia;ACA Killpoint Challenge - Yarrijak Stage 6;ACA Yarrijak;Instance;Yarrijak;Yes;Yarrijak Figurine;Anatomy;ACA Representative; ; ;;ACA Challenge - Yarrijak Stage 5;;;
Planet Arkadia;ACA - Mining Training;ACA;Mining;Learn the basics of mining; ; ; ;Survey Team Leader;9275;22375;Celeste Harbour;ACA - Take the Unidentified Ore to 8 Coins HQ;;;
Planet Arkadia;ACA - Oratan Alert (Mission chain start);ACA;Exploring;Chat with Arrivals Officer;No;MAKO Trainer (L); ;Arrivals Officer;30291;17957;New Arrivals Hangar;;;;
Planet Arkadia;ACA - Report to Chan;ACA;Exploring;Find Resolute Firebase; ;Exploration Hoverpod (L); ;Sergeant Jong;30042;17821;New Arrivals Hangar;ACA - En Route to IFN Depot;;;
Planet Arkadia;ACA - Take the Unidentified Ore to 8 Coins HQ;ACA;Exploring;Take ore to 8 Coins; ;TerraMaster Trainer (L); ;Commodore Harvir;29975;10088;Celeste Harbour;ACA - Transport Unidentified Ore;;;
Planet Arkadia;ACA - Transport Unidentified Ore;ACA;Exploring;Run an errand with and Unidentified Ore; ;Herman LAW Trainer (L); ;Dr. Livingston;30192;17716;New Arrivals Hangar;ACA - En Route to IFN Depot;;;
Planet Arkadia;ACA - Weaponry Store;ACA;Exploring; ; ;Herman ASI Trainer (L); ;Lieutenant D'Angelo;31031;13505;Celeste Harbour;ACA - Check the Watchtowers;;;
Planet Calypso;Adam's Anguish;Adam; ; ;No;None; ;Adam;20254;39627;Cayuze;;11.2.5.5;;
ROCKtropia;Additional Prison Term;No Way Out Mission;Hunting;Kill 250 Inmates;Yes;None; ;Disciplinary Officer; ; ;No Way Out Correctional facility;;;;
Hell;A Deal With The Horny Devil II;A Deal With The Horny Little Devil;Hunting;Horny Little Devil;No;Aim; ;Horny Devil;39408;19687;;A Deal With The Horny Little Devil I;;;
Hell;A Deal With The Horny Devil III;A Deal With The Horny Little Devil;Hunting;Horny Little Devil; ; ; ;Horny Devil;39408;19687;Club Hell;A Deal With The Horny Devil II;;;
Hell;A Deal With The Horny Little Devil I;A Deal With The Horny Little Devil;Hunting;Horny Little Devil;No;Anatomy, Combat Reflexes or Dexterity (each one eq. 1.04 PED implant);Anatomy;Horny Devil;39408;19687;Club Hell;;;;
Planet Calypso;A grave errand;Karen Wong;Operation;Spread the ashes;No;First Aid; ;Jessica Hammersmark;74375;67320;East Scylla Mountains;The last will of Karen Wong;11.0.3;;
Planet Calypso;Alexander Selkirk; ;Exploring;Find mysterious island;No;None; ;; ; ;;;11.2.5.5;;
Planet Calypso;A Message From Yoshida;Tutorial Chain;Talking;Report To Paul Reinhardt;No;Dexterity;Dexterity;Mr. Yoshida;68479;71315;Genesis Alpha Station;Pest Eradication;Planet Calypso 2012.4;;
Planet Calypso;Analyzing The Sample;Tutorial Chain;Talking;Synthetic Mind Essence;No;None; ;Lauren Lord;68776;71029;Camp Amundsen;To Camp Amundsen;Planet Calypso 2012.4;;
Planet Calypso;A New Beginning;Tutorial Chain;Talking;Find Lieutenant Smith and leave Thule;No;None; ;Rusty;68492;70759;Spaceport Helios;Hangar Hangout;Planet Calypso 2012.4;;
Planet Cyrene;A New Gen of Trouble - Rank 1;A New Gen of Trouble;Hunting;Kill Small Skyshatter worth 500 points;No;1.30 PED Combat Reflexes;Combat Reflexes;Mazeweaver Ryu;138829;76914;Turrelion Docks;;;;
Planet Cyrene;A New Gen of Trouble - Rank 2;A New Gen of Trouble;Hunting;Kill Small Skyshatter worth 1500 points;No;x Athletics;Athletics;; ; ;;A New Gen of Trouble - Rank 1;;;
Planet Cyrene;A New Gen of Trouble - Rank 3;A New Gen of Trouble;Hunting;Kill Small Skyshatter worth 2500 points;No;4.42 PED Vehicle Repairing;Vehicle Repairing;; ; ;;A New Gen of Trouble - Rank 2;;;
Planet Cyrene;A New Gen of Trouble - Rank 4;A New Gen of Trouble;Hunting;Kill Small Skyshatter worth 4000 points;No; ; ;; ; ;;A New Gen of Trouble - Rank 3;;;
Planet Cyrene;An Introduction; ;Information;Learn about PvP; ;None; ;Turrelion Ambassador; ; ;;;;;
Planet Calypso;Another Message From Yoshida;Tutorial Chain;Searching;Locate the Supply Pod and Retrieve the Mining Equipment;No;Genesis Star Rookie Finder (L);Geology;Mr. Yoshida;68479;71315;Camp Amundsen;Analyzing The Sample;Planet Calypso 2012.4;;
Planet Calypso;answer.length = "short"; ; ; ; ;None; ;RX-483;68145;74740;;;11.10.3;;
ROCKtropia;Antonios Bootleg Busk; ; ;Find The 1st Three Numbers To The Safe Combo; ;Unknown; ;Antonio Hatchet;134396;83737;Tangerine;;11.9.4;;
Planet Calypso;A perfect place for a bait;A perfect place for a bait; ; ; ; ; ;; ; ;;;Planet Calypso 2011.3;;
Planet Calypso;A private message from Mr Lyndon;Fujiko Takida;Exploring;Bring the data recorder to Mr Lyndon; ;Psyche; ;Andrus Iron Challenge Mission Broker;79491;87882;;Clear the Area;11.2.2;;
Planet Calypso;A private message from  Officer Book;Fujiko Takida;Exploring;Find the four crates; ;Psyche; ;; ; ;;Clear the Area;11.2.2;;
Planet Arkadia;Archaelogical Society Missing Personel; ;Exploring;Locate Archaelogical Interns; ;None; ;Sundari Zhen;29899;9996;Celeste Harbour;;;;
Planet Calypso;Argonautical Assassination; ;Hunting;Kill 3 Argonaut Leaders and rescue researches; ;Courage + Universal Ammo (0.17 PED); ;; ; ;Port Atlantis;Scare Tactics;;;
Planet Arkadia;Arkadia Passport; ;Exploring;10000 Vibrant Sweat;No;Arkadia Passport; ;Passport Officer; ; ;New Arrivals Hangar;;;;
Next Island;Arthur's Secret Crush; ;Exploring;Talk to Io; ;Achievement: Kindness of the Elysians; ;Arthur;136840;83387;Crystal Peak Teleport;;12.7.0;;
Ancient Greece;Asclarias; ;Hunting;Hunt Arges, Brontes or Myrinian 500 points worth. Bring 20 lara's;Yes;Asclarias Powercore; ;Perik;36864;20480;;;17.3.0;;
Planet Calypso;A Sensitive Find;Nus Lull;Searching;Investigate the suspicious sensor.;No;Probing; ;Professor Hamill;63170;75642;Nus Lull;Fertile Waters;Planet Calypso 2013.1;;
ROCKtropia;Assisting Mahone I;Assisting Mahone;Hunting;City Wolves; ;Aim;Aim;Officer Mahone;135364;87595;New Harlem;;;;
ROCKtropia;Assisting Mahone II;Assisting Mahone;Hunting;City Wolves;No;Anatomy; ;Officer Mahone;135364;87595;;Assisting Mahone I;;;
ROCKtropia;Assisting Mahone III;Assisting Mahone;Hunting;City Wolves;No;Handgun; ;Officer Mahone;135364;87595;;Assisting Mahone II;;;
ROCKtropia;Assisting Mahone IV;Assisting Mahone;Hunting;Earn 25600 credits by killing City Wolves;No;Rifle (7.20 PD)  or Ranged Damage (4.67 PED) or First Aid (2.33 PED); ;Officer Mahone;135364;87595;New Harlem;Assisting Mahone III;;;
ROCKtropia;Assisting Mahone V;Assisting Mahone;Hunting;Earn 51200 credits by killing City Wolves;Yes;Increase Cryogenics OR Electrokinesis OR First Aid skill (4.67 PED);Cryogenics;Officer Mahone;135364;87595;New Harlem;Assisting Mahone IV;;;
ROCKtropia;A Tank with No Gas; ;PvP;Kill 5 players in PvP;No;None; ;Sgt. Bill;135353;88207;New Harlem;;;;
Planet Calypso;Atonement;Mad Prophet;Exploring; ; ;The "Atoned" achievement; ;Mad prophet;74820;68886;;Finding the Path;11.3.3;;
ROCKtropia;At The Club...; ; ;Talk to Bulldog; ;CLUB NEVERDIE GUESTPASS; ;; ; ;City of Dreams;;11.9.4;;
Planet Calypso;Auctioneer information; ; ;Learn about the Auction; ;None; ;Port Atlantis Economy Guide;61426;75176;Port Atlantis;Basic economy information;11.3.3;;
Planet Calypso;Bad news! I'm back!; ; ; ; ; ; ;; ; ;Camp Phoenix;;11.4.2;;
Planet Toulan;Bahar the mining guide; ;Dialog; ;No;Sabad Finder Beginner (L); ;Bahar;133973;93227;;;;;
ROCKtropia;Bar Job - Making Bank At the Bar;The Bar Fly; ;Kill 20 Thugs or Hustlers;Yes;Rocktropia Gold Coin; ;Alia;135328;88082;New Harlem;The bar Fly;14.2.1;;
Planet Calypso;Basic economy information; ; ;Learn about economy functions; ;None; ;Port Atlantis Official;61375;75109;Port Atlantis;;11.3.3;;
Planet Calypso;Basic equipment information; ; ;Visit the Equipment Guide; ;None; ;Port Atlantis Official;61375;75109;Port Atlantis;;11.3.3;;
Planet Calypso;Basic revive information; ;Exploring;Learn about health; ;None; ;Port Atlantis Official;61375;75109;Port Atlantis;;11.3.3;;
Planet Calypso;Basic social information; ;Exploring;Learn about social functions; ;None; ;Port Atlantis Official;61375;75109;Port Atlantis;;11.3.3;;
Next Island;Beachside Fashion; ; ;Talk to Miranda; ;Island Shirt (C) Blueprint; ;Sara Murray;136834;83356;Crystal Peak Teleport;;;;
Next Island;Become a Legend; ;Achievements;Complete all the personal legend achievements; ; ; ;Bartender;137421;83233;Crystal Bay;;17.0;;
Planet Arkadia;Becoming a Smuggler - Part I;Becoming a Smuggler; ;Hand in 50,000 Arkoins;No;Smuggler Shoes, Pants, and Shirt; ;Smuggler;27358;27512;;;;;
Planet Arkadia;Becoming a Smuggler - Part II;Becoming a Smuggler; ;Hand in 50,000 Arkoins;No;Smuggler Beret, Coat, Shade, and Briefs; ;Smuggler;27358;27512;;Becoming a Smuggler - Part I;;;
Planet Calypso;Be Gone, Pests!; ;Hunting;Kill 20 puny creatures;No;1.6k Weapon Cells; ;Surveyor Sussi;61984;88689;Westwatch Tower;;;;
Hell;Belkar Mining Raid I;Belkar Mining Raid;Mining;Belkar Stone;No;Prospecting; ;Belkar Thief;39439;19745;Club Hell;;;;
Hell;Belkar Mining Raid II;Belkar Mining Raid;Mining;Belkar Stone;No;Prospecting; ;Belkar Thief;39439;19745;Club Hell;Belkar Mining Raid I;;;
Hell;Belkar Mining Raid III;Belkar Mining Raid;Mining;Belkar Stone;No;Prospecting; ;Belkar Thief;39439;19745;Club Hell;Belkar Mining Raid II;;;
Hell;Belkar Mining Raid IV;Belkar Mining Raid;Mining;Belkar Stone;No; ; ;Belkar Thief;39439;19745;Club Hell;Belkar Mining Raid III;;;
Secret Island;Beware of Kong; ; ; ; ; ; ;Tina Lieu Temple Guardian;37427;19561;;;;;
Planet Calypso;Big Game Hunting;Trophy Hunt;Hunting;Atrax; ;Bukin's Spare Rifle; ;Mr Bukin;63229;74445;Camp Icarus;Once More Into The Wild;Planet Calypso 2012.4;;
Hell;Blausariam Mining Raid I;Blausariam Mining Raid;Mining;Blausariam Stone;No;Prospecting;Mining;Blausariam Thief;39439;19743;Club Hell;;;;
Hell;Blausariam Mining Raid II;Blausariam Mining Raid;Mining;Blausariam Stone;No;Prospecting; ;Blausariam Thief;39439;19743;Club Hell;Blausariam Mining Raid I;;;
Hell;Blausariam Mining Raid III;Blausariam Mining Raid;Mining;Blausariam Stone;No;Prospecting; ;Blausariam Thief;39439;19743;Club Hell;Blausariam Mining Raid II;;;
Hell;Blausariam Mining Raid IV;Blausariam Mining Raid;Mining;Blausariam Stone;No;Unknown; ;Blausariam Thief;39439;19743;Club Hell;Blausariam Mining Raid III;;;
Planet Calypso;Blow Them All To Hell;Camp Icarus;Searching;Find A Suitable Bomb;No;CDF Scout; ;Captain Hayes;63229;74416;Camp Icarus;Missing In Action;Planet Calypso 2012.4;;
Planet Cyrene;Blue Crystals for Wilco;Repeatable (Cyrene);Mining;Blue Crystals;Yes;Cyrene Mission Token; ;Requisitions Officer Wilco;138876;77254;A.R.C. Staging;;Planet Cyrene 2012.1;;
Planet Calypso;Boat trip; ;Exploring;Travel to the desert island with the boat; ; ; ;Boat Captain;53747;58026;Fort Victoria;;Planet Calypso 2011.3;;
Planet Cyrene;Boffin Edition Armor Blueprints!; ;Dialog;Hand in 750 Cyrene Mission Tokens; ;Full set of Boffin Armor Blueprints; ;Boffin Female;138438;77191;0x101 Supply Depot;;;;
Planet Cyrene;Boffin Edition Weapon Blueprints!; ;Dialog;Hand in 750 Cyrene Mission Tokens; ;Full set of Boffin Weapon Blueprints; ;Boffin Male;138438;77189;0x101 Supply Depot;;;;
ROCKtropia;Bones - Public Disturbance; ;Hunting;ROCKtropia Beat Cop;Yes;ROCKtropia record; ;; ; ;City of Dreams;;;;
ROCKtropia;Boot Camp 1 - Trail By Fire;Boot Camp;Hunting;Zombies; ;Weapons Handling; ;Drill Sgt.Breakerz;136188;93055;BAMF HQ;;11.7.1;;
ROCKtropia;Boot Camp 2 - Bring The Pain;Boot Camp;Hunting;Zombies; ;Alertness; ;Cpt. Gruber;136201;93142;BAMF HQ;Boot Camp 1 - Trail By Fire;11.7.1;;
ROCKtropia;Boot Camp 3 - BioDome Defense;Boot Camp;Hunting;Zombies; ;Dexterity; ;Staff Sgt. Ortiz;136060;93112;BAMF HQ;Boot Camp 2 - Bring The Pain;11.7.1;;
ROCKtropia;Boot Camp 4 - Hell Week;Boot Camp;Hunting;Zombies; ;Evade; ;Senior Drill Inst Rufio;136078;93024;BAMF HQ;Boot Camp 3 - BioDome Defense;11.7.1;;
ROCKtropia;Boot Camp 5 - Graduation;Boot Camp;Hunting;Zombies; ;Dodge; ;; ; ;BAMF HQ;Boot Camp 4 - Hell Week;11.7.1;;
 ;Boot Camp;Boot Camp;Hunting;Kill Zombies to Join Zombie Defence SquadS; ;Chain Rewards; ;; ; ;BAMF HQ;;;;
ROCKtropia;Brixton Bass;NWO Prison;Hunting;Kill 200 Inmates;No;Skills;Handgun;Brixton; ; ;No Way Out Correctional facility;Make Your B-Roll;;;
Planet Calypso;Bronze Argonaut Challenge;Iron Challenge Argonauts;Hunting;Argonaut;No;Agility; ;Sandor Bauer;76816;79118;Jason Centre;Iron Challenge: 10000 Argonaut;11.2.2;;
Planet Calypso;Bronze Atrox Challenge;Iron Challenge Atrox;Hunting;Atrox;No;Stamina; ;Albert Iron Challenge Mission Broker;69458;88736;Fort Ithaca;Iron Challenge: 10000 Atrox;11.2.2;;
Crystal Palace;Bronze Challange: Kreltin 2;Iron Challenge Kreltin;Hunting;Kreltin;No;Laser Weaponry Technology; ;; ; ;Crystal Palace;;;;
Planet Calypso;Bronze Challenge: Combibo;Iron Challenge Combibo;Hunting;Combibo;No;Diagnosis;Diagnosis;Professor Hale;61971;80258;Orthos West Mound;Iron Challenge: Combibo Stage V;15.11.0;;
Planet Calypso;Bronze Challenge: Marcimex;Iron Challenge: Marcimex;Hunting;Marcimex;No;Rifle; ;; ; ;;Iron Challenge: Marcimex Stage VI;;;
Planet Calypso;Bronze Challenge: Mind Reaver;Iron Challenge: Mind Reaver;Hunting;Mind Reaver;No;Longblades; ;; ; ;;Iron Challenge: Mind Reaver Stage VI;;;
Planet Calypso;Bronze Challenge: Shinkiba/Daikiba;Iron Challenge Shinkiba;Hunting;Shinkiba;No;Agility; ;Leo Phoenix, Twin Peaks Mission Broker;77744;76691;Twin Peaks;Iron Challenge: 10000 Shinkiba;11.9.4;;
Planet Calypso;Bronze Eomon Challenge;Iron Challenge Eomon;Hunting;Eomon;No;EWE EP-51 Eomon (L); ;Nikki Von Han Iron Challenge Mission Broker;87018;78441;Nymphtown;Iron Challenge: 1000 Eomon;;;
Planet Calypso;Bronze Feffoid Challenge;Iron Challenge Feffoid;Hunting;Feffoid;No;Stamina; ;Nestor Bakshi;68254;79070;Fort Fury;Iron Challenge: 10000 Feffoid;11.2.5.5;;
Crystal Palace;Bronze Kreltin Challenge;Iron Challenge Kreltin;Hunting;Kreltin;No;Stamina; ;; ; ;Crystal Palace;Iron Challenge: 10000 Kreltin;;;
Planet Calypso;Bronze Merp Challenge;Iron Challenge Merp;Hunting;Merp;No;Psyche; ;Owl;75879;91442;Fort Argus;Iron Challenge: 10000 Merp;11.2.2;;
Crystal Palace;Bronze Misson: 10000 Aurli;Iron Challenge Aurli;Hunting;Aurli;No;Stamina; ;; ; ;Crystal Palace;Iron Challenge: 10000 Aurli;;;
Crystal Palace;Bronze Misson: 60000 Aurli;Iron Challenge Aurli;Hunting;Aurli;No;Courage; ;; ; ;Crystal Palace;Bronze Misson: 10000 Aurli;;;
Planet Calypso;Bronze Molisk Challenge;Iron Challenge Molisk;Hunting;Molisk;No;Psyche; ;Dr Van Jensen Iron Challenge Mission Broker;83537;93374;Fort Zeus;Iron Challenge: 10000 Molisk;11.2.2;;
Planet Cyrene;Brown Beetles - Rank 1;Brown Beetles;Hunting;Mang Chang;No;x.xx PED Combat Reflexes;Combat Reflexes;Draoblib;135880;77687;Zyn Forest;;Cyrene VU - 07-12-16;;
Planet Cyrene;Brown Beetles - Rank 2;Brown Beetles;Hunting;Mang Chang;No;5 PED Athletics;Athletics;Draoblib;135880;77687;Zyn Forest;Brown Beetles - Rank 1;Cyrene VU - 07-12-16;;
Planet Cyrene;Brown Beetles - Rank 3;Brown Beetles;Hunting;Mang Chang;No;10.10 PED Courage;Courage;Draoblib;135880;77687;Zyn Forest;Brown Beetles - Rank 2;Cyrene VU - 07-12-16;;
Planet Cyrene;Brown Beetles - Rank 4;Brown Beetles;Hunting;Mang Chang;No; ; ;Draoblib;135880;77687;;Brown Beetles - Rank 3;Cyrene VU - 07-12-16;;
Planet Cyrene;Brown Beetles - Rank 5;Brown Beetles;Hunting;Mang Chang;No; ; ;Draoblib;135880;77687;Zyn Forest;Brown Beetles - Rank 4;Cyrene VU - 07-12-16;;
Planet Calypso;Calculate Trajectory;Fujiko Takida;Exploring;Survey debris sites; ; ; ;Fujiko Takida;20205;39716;;Contact Fujiko Takida of ISO;11.2.2;;
ROCKtropia;Call of Duty - Pop Dragons #1;Call of Duty - Pop Dragons;Hunting;Pop Dragon;No;Aim ; ;Sgt.Willard;134588;85826;;;12.4.3;;
ROCKtropia;Call of Duty - Pop Dragons #2;Call of Duty - Pop Dragons;Hunting;Pop Dragon;No;Psyche; ;Sgt.Willard;134588;85826;;Call of Duty - Pop Dragons #1;12.4.3;;
ROCKtropia;Call of Duty - Pop Dragons #3;Call of Duty - Pop Dragons;Hunting;Pop Dragon;No;Unknown; ;Sgt.Willard;134588;85826;;Call of Duty - Pop Dragons #2;12.4.3;;
ROCKtropia;Call of Duty - Pop Dragons #4;Call of Duty - Pop Dragons;Hunting;Pop Dragon;No;Agility Token;Agility;Sgt.Willard;134588;85826;;Call of Duty - Pop Dragons #3;;;
ROCKtropia;Castle Passage #1;Trails Of The Gate;Hunting;Lemmy Dragon;No; ; ;; ; ;Skull Village;;14.1.3;14.1.3;
ROCKtropia;Castle Passage #2;Trails Of The Gate;Hunting;Lemmy Dragon;No;Combat Reflexes; ;; ; ;Skull Village;Castle Passage #1;14.1.3;;
Planet Cyrene;Catch a WolperTinger!;Mazeweaver Dailies;Dialog;Mazeweaver Certificates;Yes;WolperTinger; ;Mazeweaver Reggie;138869;76938;Turrelion Docks;;;;
ROCKtropia;Catscepades #1;Catscepades;Hunting;Big Cats;No;Athletics (<=0.46 ped TT); ;Sgt.Cortiz;136218;82087;City of Dreams;;12.4.3;;
ROCKtropia;Catscepades #2;Catscepades;Hunting;Big Cats;No;Courage; ;Sgt.Cortiz;136218;82087;City of Dreams;Catscepades #1;12.4.3;;
ROCKtropia;Catscepades #3;Catscepades;Hunting;Big Cats;No;Dexterity;Dexterity;Sgt.Cortiz;136218;82087;City of Dreams;Catscepades #2;12.4.3;;
ROCKtropia;Catscepades #4;Catscepades;Hunting;Big Cats;No;Stamina; ;Sgt.Cortiz;136218;82087;;Catscepades #3;12.4.3;;
ROCKtropia;Cavendish Safe Heist;NWO Prison; ;Crack the safe at the Cavendish Dance Studio; ;Lockpick; ;; ; ;;;;;
ROCKtropia;Cellmate Politics;NWO Prison;Hunting;Kill 50 Inmates;No;Combat Reflexes skill;Combat Reflexes;Santana; ; ;No Way Out Correctional facility;Cavendish Safe Heist;;;
Planet Calypso;Check the electronic fence; ;Exploring; ; ;None; ;Jennifer Quinn; ; ;Port Atlantis;;11.3.3;;
Planet Calypso;Cherry Picking; ;Exploring;Pick 3 batches of "cherries"; ;800 Universal Ammo; ;; ; ;Port Atlantis;Way of the lens;;;
ROCKtropia;Chesters Pawn;NWO Prison;PvP;Kill 10 PvP Players;No;5 ROCKtropia Gold Coins; ;Chester; ; ;No Way Out Correctional facility;The Rico Act;;;
 ;Chip off the Old Block;Fort Medusa;Hunting;Find 1 Blank Calamusoid Chip, Sector A1;No; ; ;Henrietta;67914;83073;Fort Medusa;Lurker With Intent;;;
Planet Calypso;Cleanup at Fort Lahar;Clean up at Fort Lahar;Hunting;Hunt All The Animals;No;Can choose between 4 CDF (L) weapons TT value 0.2 PED and Vivo Explorer; ;Corporal Krill;66979;74870;Fort Lahar;;;;
Planet Calypso;Clearing the swamp; ;Hunting;Gokibusagi; ;10 Combat Token; ;Private Mikael J. Todd;54010;64864;;;Planet Calypso 2011.3;;
Planet Calypso;Clear out the digsite; ;Hunting;Kill 300 Berycled Puny or Razortooth Juvenile;No;Weapon cells (2.4 PED) or BLP packs (2.4PED) or Laser Weaponry Technology skill (eq. 0.09 PED implant); ;Private Brian #2;60252;84565;Cape Corinth;;Planet Calypso 2013.4;;
Planet Calypso;Clear the Area;Fujiko Takida;Hunting;Kill 200 creatures in Salvage Area; ;Psyche; ;Fujiko Takida;20205;39716;;Scattered Cargo;11.2.2;;
ROCKtropia;Club Help; ;Hunting;Forum Trolls; ;None; ;; ; ;;;;;
ROCKtropia;Club NEVERDIE Cave VIP Warning; ;Exploring;Go past the CND Security guard; ;None; ;; ; ;City of Dreams;;;;
Planet Toulan;Cold Cuts Research; ; ;Collect Caboria Loot;No; ; ;Sarhan;134382;96379;;Drop the pressure;15.15.7;;
Planet Calypso;Colonist Jumpsuit: Stage I - Green;Colonist Jumpsuit;Turn-in;Hunt 15 Creatures and explore the Port Atlantis area;No;Colonist Green Issue Jumpsuit; ;Daily Mission Terminal; ; ;;;;;
Planet Calypso;Colonist Jumpsuit: Stage II - Blue;Colonist Jumpsuit;Turn-in;Earn 300 Sabakuma kill points;No;Colonist Blue Issue Jumpsuit; ;Daily Mission Terminal; ; ;;Colonist Jumpsuit: Stage I - Green;;;
Planet Calypso;Colonist Jumpsuit: Stage III - Military Green;Colonist Jumpsuit;Turn-In;Reach 90 HP, visit Fort Argus PvP Zone;No;Colonist Military Green Issue Jumpsuit; ;Daily Mission Terminal; ; ;;Colonist Jumpsuit: Stage II - Blue;;;
Planet Calypso;Communication is key (Daily); ;Hunting;Bring samples of calamusoid body;Yes;50 or 100 or 200 Blazar Fragment or 1 PED Universal Ammo or 1 PED progress in Calamusoid Codex; ;Sergent Borba;66948;74835;Fort Lahar;Spectre in the Mist;;;
ROCKtropia;Community Service;Community Service;Hunting;Decomposing Zombie; ;Blueprint War Bond (L) with 5 tries; ;Petty Crimes Officer;136182;93182;BAMF HQ;;11.9.4;;
Planet Calypso;Complete the Wave; ;Hunting;Gokibusagi;No;Combat Tokens; ;; ; ;Base Falcon;Exploring the area;Planet Calypso 2011.3;;
Planet Calypso;Construction machine information; ; ;Learn about the Construction machine; ; ; ;Port Atlantis Economy Guide;61426;75176;Port Atlantis;Basic economy information;11.3.3;;
Planet Calypso;Contact Fujiko Takida of ISO;Fujiko Takida;Exploring;Talk to Fujiko Takida; ; ; ;Mission Terminal Assignments, Fort Troy;80488;68318;Fort Troy;;11.2.2;;
ROCKtropia;Continue Down The Road;The Road To War; ;Continue Down The Road;No;Get To The Center of New Harlem Studios; ;Lt.Funk;136247;84761;;;;;
Planet Cyrene;Cores Ahoy;Repeatable (Cyrene);Hunting;Earn 500 Protocore Kill Points;Yes;Diagnosis or Bioregenesis (~0.50 ped);Bioregenesis;Protocore Destroyer Karamoja;138855;77059;A.R.C. Staging;;;;
ROCKtropia;Corrupted C.O Sweep;NWO Prison;Hunting;Kill 300 Prison Guards;No;Skills, Evade;Evade;Cesar; ; ;No Way Out Correctional facility;The Rob Report;;;
Planet Cyrene;Craft a Cube Empowered Lube!; ;Crafting;Craft a Cube Empowered Lube;Yes;Manufacture Electronic Equipment (eq. 0.06 PED);Manufacture Electronic Equipment;Mac - Trade Supplier;138437;77187;0x101 Supply Depot;;;;
Planet Cyrene;Craft an Enkidd Dire S1 (L)!;Repeatable (Cyrene);Crafting;Craft an Enkidd Dire S1 (L);Yes;Manufacture Weapons; ;Ron Sophiscus - Item Fabricator;138850;77081;0x101 Supply Depot;;Planet Cyrene 2013.2;;
Planet Cyrene;Craft an Imperium Key Cube!;Repeatable (Cyrene);Crafting;Craft an Imperium Key Cube;Yes;Manufacture Metal Equipment; ;Ron Sophiscus - Item Fabricator;138850;77081;0x101 Supply Depot;;Planet Cyrene 2013.2;;
Planet Cyrene;Craft an Ozpyn Cold Protector (L)!;Repeatable (Cyrene);Crafting;Craft an Ozpyn Cold Protector (L);Yes;Armor Technology; ;Ron Sophiscus - Item Fabricator;138850;77081;0x101 Supply Depot;;Planet Cyrene 2013.2;;
Planet Cyrene;Craft an Ozpyn Filter!;Repeatable (Cyrene);Crafting;Craft an Ozpyn Filter;Yes;Manufacture Mechanical Equipment ; ;Ron Sophiscus - Item Fabricator;138850;77081;0x101 Supply Depot;;Planet Cyrene 2013.2;;
Planet Cyrene;Craft a Pattern Shirt Series 1 (L,C)!;Repeatable (Cyrene);Crafting;Craft a Pattern Shirt Series 1 (L,C);Yes;Tailoring; ;Ron Sophiscus - Item Fabricator;138850;77081;0x101 Supply Depot;;Planet Cyrene 2013.2;;
Next Island;Crafting; ;Dialog; ;No;Lesser Elysia Blueprint; ;May the Crafting Instructor;135913;83359;Paradise Landing;;17.0;;
Ancient Greece;Crafting my future;Deliver us from the Dark Queen;Crafting;Craft 1 Block Chisel - Construct 10 Marble Brick Blueprint;No;Marble Brick Blueprint; ;; ; ;;Deliver us from the Dark Queen;;;
Monria;Craft on Monria; ;Crafting; ; ; ; ;Andy Greenfield;38125;22095;;Find the equipment;;;
ROCKtropia;Cranked Out;NWO Prison;PvP;kill 5 PvP players;No;None; ;Crank; ; ;No Way Out Correctional facility;2 Timez Two Times;;;
Arkadia Moon;Crashed Communication;Crashed Communication;Collecting;Find radio dishes and mast;No;Moon Globe; ;PTech Engineer Jay;10972;12688;Neutron Station;;16.4.1;;
ROCKtropia;Crisis Intervention;NWO Prison;Hunting;kill 100 Inmates;No;Longblades;Longblades;Hector; ; ;No Way Out Correctional facility;Cranked Out;;;
Planet Calypso;Crossroads: Fort Medusa; ;Exploring;Find the objects near Fort Medusa; ;None; ;Colonel Briers;61437;75135;Port Atlantis;;11.4.3;;
Planet Calypso;Crossroads: Port Atlantis; ;Exploring;Find the objects near Port Atlantis; ;None; ;Colonel Briers;61437;75135;Port Atlantis;;11.4.3;;
Planet Calypso;Crossroads: Twin Peaks; ;Exploring;Find the objects near Twin Peaks; ;None; ;Colonel Briers;61437;75135;Port Atlantis;;11.4.3;;
ROCKtropia;Cross The Waters To Reach The Half Way Marker;The Road To War; ;Cross The Waters To Reach The Half Way Marker;No;Reach the coast of Zoomhattan Island; ;Lt.Funk;136247;84761;;;;;
Planet Calypso;Crystals Are A Girl's Best Friend;Sarchi;Hunting;Mind Reaver; ;Enhance one of your laser amplifiers; ;Sarchi;77130;68703;Camp Carter;;14.2;;
Planet Toulan;CUHOF 01 Mission Solo (Daily);CUHOF;Instance;Open 3 Loot Boxes;Yes;Various Loot; ;Yasmina;136319;93285;;;;;
Planet Toulan;CUHOF 02 Mission Solo (Daily);CUHOF;Instance;Open 3 Loot Boxes;Yes;Various Loot; ;Yasmina;136319;93285;;;;;
Planet Toulan;CUHOF 03 Mission Solo (Daily);CUHOF;Instance;Open 3 Loot Boxes;Yes;Various Loot; ;Yasmina;136319;93285;;;;;
Planet Toulan;CUHOF 04 Mission Solo (Daily);CUHOF;Instance;Open 3 Loot Boxes;Yes;Various Loot; ;Yasmina;136319;93285;;;;;
Planet Toulan;CUHOF 05 Mission Solo (Daily);CUHOF;Instance;Open 3 Loot Boxes;Yes;Various Loot; ;Yasmina;136319;93285;;;;;
Planet Toulan;CUHOF Beginner Mission (Daily);CUHOF;Hunting;Hunt 20 x Sunjoq Juvenile Young;Yes;CUHOF Beginner Key; ;Yasmina;136319;93285;;;;;
Planet Calypso;Cull Beast Population at Swamp Camp;Swamp Camp;Hunting;Kill animals near Swamp Camp;No; ; ;Swamp Camp;62015;75560;PA Swamp Camp;Service the gun turrets;10.8.0;;
Next Island;Daily Crystalline Core Challenge; ;Crafting;Make 100 attempts with the Crystalline Core Blueprint.;Yes; ;Engineering;Nathan;133351;94010;Sypherton Gardens;;17.3.0;;
Next Island;Daily Lesser Elysia Challenge; ;Crafting;Lesser Elysia;Yes; ;Make Textile;May;135359;88604;Tanzanite View;;17.0;;
Next Island;Daily Papoo Containment; ;Hunting;Grey Papoo;Yes;110 Oil; ;The Cartographer;136743;83662;Crystal Peak Teleport;;;;
Ancient Greece;Daily Praetonium Challenge; ; ;Find 50 points of Praetonium;Yes; ; ;; ; ;;;17.3.0;;
Next Island;Daily Screecher Containment; ;Hunting;Male Screecher;Yes;760 Oil; ;The Cartographer;136743;83662;Crystal Peak Teleport;;;;
Next Island;Daily Stalker Challenge; ;Hunting;Red Papoo;Yes;2.5 ped Universal ammo; ;Cecily;127494;82782;Oasis Outlook;;17.0;;
Next Island;Daily Village Boar Containment; ;Hunting;Village Boar;Yes;240 Oil; ;The Cartographer;136743;83662;Crystal Peak Teleport;;;;
ROCKtropia;D-Block Finale;NWO Prison;Hunting;Kill 5000 D-Block mafia;No;22.15 ped TT of Melee Combat;Melee Combat;Chevnosky; ; ;No Way Out Correctional facility;Martinez Madness;;;
ROCKtropia;D-Block Mafia Memory;NWO Prison;Hunting;Zomhattan St Boyz;No;Light Melee Weapons;Light Melee Weapons;Sal; ; ;No Way Out Correctional facility;Sissy Situation;;;
 ;Dead Zone;Fort Medusa;Exploring;Head to the Dead Zone, Find Source of Interference;No; ; ;Lieutenant Balodis;68818;84375;Fort Medusa;;;;
Planet Calypso;Death; ;Information;Talk to the Medical Guide;No;None; ;; ; ;;;11.3.3;;
Planet Calypso;Deliver food and parts; ;Exploring;Find Bill Goldstein to deliver food and parts to him; ;Mission Token; ;Geologist Chris Dover;55189;60131;;Hunt the killers;Planet Calypso 2011.3;;
Planet Calypso;Deliver the mining info; ; ; ; ;Mission Token; ;Scientist Mark Patterson;52234;64137;;Dig For Energy;Planet Calypso 2011.3;;
Monria;Deliver the special ore to Chuck; ; ; ; ;Universal Ammo; ;Chuck Iverson;38138;22110;;;;;
Ancient Greece;Deliver us from the Dark Queen; ;Hunting, mining and crafting;Vellum;No;Medal of Heroism; ;Batiatus;36200;20729;;Find Batiatus;;;
Planet Cyrene;Destroy the Robot Menace;Repeatable (Cyrene);Hunting;Kill 5 Drill Bots;Yes;Cyrene Mission Token; ;Lt. Johnston;138877;77249;A.R.C. Staging;;Planet Cyrene 2012.1;;
Planet Calypso;Dialogue with Anna; ; ; ; ; ; ;; ; ;;;11.0.3;;
ROCKtropia;Die Rat Die;NWO Prison;Hunting;kill 40 Inmates;No;Melee Combat;Melee Combat;Mouse; ; ;No Way Out Correctional facility;Crisis Intervention;;;
ROCKtropia;Diesel in Distress I;Diesel in Distress;Hunting;Collect 3200 Kill points; ;Perception; ;Diesel Rose;135258;84765;CND Lagoon;;;;
ROCKtropia;Diesel in Distress II;Diesel in Distress;Hunting;Collect ? Kill points; ;Rifle; ;Diesel Rose;135258;84765;CND Lagoon;Diesel in Distress I;;;
Planet Calypso;Dig For Energy; ;Mining;Find 10 Enmatter claims; ;Combat Tokens; ;Scientist Mark Patterson;52234;64137;;;Planet Calypso 2011.3;;
Planet Cyrene;Discreetly head to A.R.C Head Quarters; ;Exploring;Teleport to ARC HQ and talk to Private Yarl;No;Broken Scorpion; ;A.R.C. Envoy;138778;77660;;;Planet Cyrene 2012.5;;
ROCKtropia;Disruptive DJ; ;Hunting;Kill 1000 Steampunks; ; ; ;Disruptive DJ; ; ;Tangerine;;17.5.1;;
Monria;Disrupt the ritual; ; ; ; ; ; ;Sgt. Dawn Frasier;38397;20913;DSEC Forensics;;;;
Planet Calypso;Dizi's Fight Club Ticket; ; ;Ticket to Fight Club; ; ; ;Dizi;53438;69352;;The Fight Club;11.9.4;;
ROCKtropia;DJ Global - Shakedown; ;Hunting;Kill 30 SoulShaker; ;ROCKtropia Records; ;DJ Global; ; ;City of Dreams;Hey DJ!;;;
Planet Calypso;DOA Loudmouth to Adjusted Level;Item Upgrades;Upgrade;Upgrade DOA Loudmouth to Adjusted;Yes;1 Adjusted DOA Loudmouth; ;; ; ;Fort Ithaca;;;;
ROCKtropia;Dominiques Domination #1;Dominiques Domination;Hunting;Motrhead Security; ;Inflict Melee Damage;Inflict Melee Damage;Castle Gatekeeper;133940;86647;Skull Village;;;;
ROCKtropia;Dominiques Domination #2;Dominiques Domination;Hunting;Motrhead Security; ;Alertness;Alertness;Castle Gatekeeper;133940;86647;Skull Village;Dominiques Domination #1;;;
ROCKtropia;Dominiques Domination #3;Dominiques Domination;Hunting;Motrhead Security;No;Weapons Handling;Weapons Handling;Castle Gatekeeper;133940;86647;Skull Village;Dominiques Domination #2;;;
ROCKtropia;Dominiques Domination #4;Dominiques Domination;Hunting;Motrhead Security;No;Concentration;Concentration;Castle Gatekeeper;133940;86647;Skull Village;Dominiques Domination #3;;;
ROCKtropia;Down To The Bone; ;Exploring;Talk to Bones; ;Blueprint(L) Creative Juice with 2 tries; ;Bones;136160;85016;City of Dreams;;;;
Planet Cyrene;Dr. Nikolo's Bug Problem; ;Hunting;Empis Wasps;No;Imperium Armor Plating I; ;Dr. Nikola;138785;77098;;;Planet Cyrene 2012.1;;
Planet Cyrene;Dragonflys in Need of Salvaging; ;Exploring;Find 5 DragonFly parts;No;DragonFly v1 (L) Blueprint (L); ;Vehicle Master;138850;77071;A.R.C. Staging;;12.8;;
Next Island;Drake Eradication Daily; ;Hunting;Kill 50 Drakes;Yes;27 Drakescale (type you hunt determines the type you get) 5k Elysian Tech Chip, 14 PED Universal Ammo; ;Overseer Alice;133387;94085;Sypherton Gardens;;17.4;;
ROCKtropia;Dred The Pirate;NWO Prison;Hunting;Kill 150 Inmates;No;Concentration skill~2 ped;Concentration;Dred Mong; ; ;No Way Out Correctional facility;Pass the Soap;;;
Next Island;Driving test; ;Exploring;Finish the race in time;No;Strider MK.II (L) Blueprint (L); ;Greta;135966;83644;Paradise Landing;;17.0;;
Planet Toulan;Drop the pressure; ;Exploration; ; ;Combat Reflexes (tiny amount);Combat Reflexes;Rabeea;134053;96746;;;;;
Monria;DSEC: Become a Local Crafter; ;Crafting;Successfully craft Monria item;No;Engineering 4 pec;Engineering;Tobie;38150;22090;Monria Hub;DSEC: Discover a Monrian Blueprint;;;
Monria;DSEC: Discover a Monrian Blueprint; ;Crafting;Aquire a Monrian Blueprint by crafting.;No;Engineering 2pec tt;Engineering;Tobie;38150;22090;Monria Hub;;;;
Monria;DSEC: Find your Niche In the Market; ;Crafting;Successfully craft Monria items 100 times;No;Engineering 15 pec;Engineering;Tobie;38150;22090;Monria Hub;DSEC: Become a Local Crafter;;;
Monria;DSEC: Maladrite I;Maladrite;Mining;Find Maladrite deposits worth 100 points;No;0.30 PED Prospecting or 0.30 PED Mining;Mining;J.T.K;38150;22091;Monria Hub;;;;
Monria;DSEC: Maladrite II;Maladrite;Mining;Find Maladrite deposits worth 500 points;No;1.50 PED Prospecting or 1.50 PED Mining;Mining;J.T.K;38150;22091;Monria Hub;DSEC: Maladrite I;;;
Monria;DSEC: Maladrite III;Maladrite;Mining;Find Maladrite deposits worth 1000 points;No;3.00 PED Prospecting or 3.00 PED Mining;Mining;J.T.K;38150;22091;Monria Hub;DSEC: Maladrite II;;;
Monria;DSEC: Maladrite IV;Maladrite;Mining;Find Maladrite deposits worth 10000 points;No;30 PED Prospecting or 30 PED Mining;Mining;J.T.K;38150;22091;Monria Hub;DSEC: Maladrite III;;;
Monria;DSEC: Shoggoth's Solemn Tale I;DSEC: Shoggoth's Solemn Tale;Hunting;Shoggoth;No;Aim, Handgun, Dexterity or Laser Weaponry Technology - 3 pec tt value;Aim;Angela Grayson;38137;20990;DSEC Forensics;;;;
Monria;DSEC: Shoggoth's Solemn Tale II;DSEC: Shoggoth's Solemn Tale;Hunting;Kill 500 Shoggoth;No;Aim, Handgun, Dexterity or Laser Weaponry Technology - 16 pec tt value;Aim;Angela Grayson;38137;20990;DSEC Forensics;DSEC: Shoggoth's Solemn Tale I;;;
Monria;DSEC: Shoggoth's Solemn Tale III;DSEC: Shoggoth's Solemn Tale;Hunting;Kill 1000 Shoggoth;No;Aim, Handgun, Dexterity or Laser Weaponry Technology - 31 pec tt value;Aim;Angela Grayson;38137;20990;DSEC Forensics;DSEC: Shoggoth's Solemn Tale II;14.3.2;;
Monria;DSEC: Shoggoth's Solemn Tale IV;DSEC: Shoggoth's Solemn Tale;Hunting;Kill 5000 Shoggoth;No;Aim, Handgun, Dexterity or Laser Weaponry Technology - 156 pec tt value;Aim;Angela Grayson;38137;20990;DSEC Forensics;DSEC: Shoggoth's Solemn Tale III;14.3.2;;
Monria;DSEC: Shoggoth's Solemn Tale V;DSEC: Shoggoth's Solemn Tale;Hunting;Kill 10000 Shoggoth;Yes;Plasma Weapon Technology, Athletics, Alertness, or Inflict Ranged Damage- 198 pec tt value;Alertness;Angela Grayson;38137;20990;DSEC Forensics;DSEC: Shoggoth's Solemn Tale IV;14.3.2;;
Monria;DSEC: Spawn of Shub-Niggurath I;DSEC: Spawn of Shub-Niggurath;Hunting;Shub;No;Aim, Handgun, Dexterity or Laser Weaponry Technology - 75 pec tt value;Aim;Mac Look;38136;20990;DSEC Forensics;;;;
Monria;DSEC: Spawn of Shub-Niggurath II;DSEC: Spawn of Shub-Niggurath;Hunting;Shub;No;Plasma Weapon Technology, Athletics, Alertness, or Inflict Ranged Damage- 244 pec tt value;Alertness;Mac Look;38136;20990;DSEC Forensics;DSEC: Spawn of Shub-Niggurath I;;;
Monria;DSEC: Spawn of Shub-Niggurath III;DSEC: Spawn of Shub-Niggurath;Hunting;Shub;No;Plasma Weapon Technology, Athletics, Alertness, or Inflict Ranged Damage- 488 pec tt value;Alertness;Mac Look;38136;20990;DSEC Forensics;DSEC: Spawn of Shub-Niggurath II;;;
Monria;DSEC: Spawn of Shub-Niggurath IV;DSEC: Spawn of Shub-Niggurath;Hunting;Kill 5000 Shub;No;60 Stamina Tokens & 672 pec Dodge or Evade.12.19 PED Support Weapon Systems or Evade;Dodge;Mac Look;38136;20990;DSEC Forensics;DSEC: Spawn of Shub-Niggurath III;;;
Monria;DSEC: Spawn of Shub-Niggurath V;DSEC: Spawn of Shub-Niggurath;Hunting;Kill 10000 Shub;Yes;100 Psyche Tokens & 15.26 PED Evade or 100 Agility Tokens & 15.26 PED Dodge or 100 Intelligence Tokens & 15.26 PED Support Weapon Systems or 24.38 PED Evade;Agility;Mac Look;38136;20990;DSEC Forensics;DSEC: Spawn of Shub-Niggurath IV;;;
Monria;DSEC: Still Waiting on Supplies; ;Crafting;Successfully craft Monria items 500 times;Yes;Engineering 75 pec;Engineering;Tobie;38150;22090;Monria Hub;DSEC: Find your Niche In the Market;;;
Monria;DSEC: The Creed of Cthulhu I;DSEC: The Creed of Cthulhu;Hunting;Kill 100 Cultists;No;Aim, Handgun, Dexterity or Laser Weaponry Technology - 39 pec tt value;Aim;Angeli Toob;38135;20990;DSEC Forensics;;;;
Monria;DSEC: The Creed of Cthulhu II;DSEC: The Creed of Cthulhu;Hunting;Kill 500 Cultists;No;Aim, Handgun, Dexterity or Laser Weaponry Technology - 197 pec tt value;Aim;Angeli Toob;38135;20990;DSEC Forensics;DSEC: The Creed of Cthulhu I;;;
Monria;DSEC: The Creed of Cthulhu III;DSEC: The Creed of Cthulhu;Hunting;Kill 1000 Cultists;No;Plasma Weapon Technology, Athletics, Alertness, or Inflict Ranged Damage- 255 pec tt value;Alertness;Angeli Toob;38135;20990;DSEC Forensics;DSEC: The Creed of Cthulhu II;;;
Monria;DSEC: The Creed of Cthulhu IV;DSEC: The Creed of Cthulhu;Hunting;Kill 5000 Cultists;No;30 Stamina Tokens & 729 pec Athletics or Inflict Melee Damage or 12.76 PED Athletics or Inflict Melee Damage;Athletics;Angeli Toob;38135;20990;DSEC Forensics;DSEC: The Creed of Cthulhu III;;;
Monria;DSEC: The Creed of Cthulhu V;DSEC: The Creed of Cthulhu;Hunting;Kill 10000 Cultists;Yes;45 Psyche Tokens & 866 pec Evade or Dodge or Support Weapon Systems or 12.76 PED Evade;Dodge;Angeli Toob;38135;20990;DSEC Forensics;DSEC: The Creed of Cthulhu IV;;;
Monria;DSEC: The Taxonomy of the Yog I;DSEC: The Taxonomy of the Yog;Hunting;Kill 100 Yog;No;Aim, Handgun, Dexterity or Laser Weaponry Technology - 8 pec tt value;Aim;Jeff Swansson;38116;21002;DSEC Forensics;;14.3.2;;
Monria;DSEC: The Taxonomy of the Yog II;DSEC: The Taxonomy of the Yog;Hunting;Kill 500 Yog;No;Aim, Handgun, Dexterity or Laser Weaponry Technology - 38 pec tt value;Aim;Jeff Swansson;38116;21002;DSEC Forensics;DSEC: The Taxonomy of the Yog I;14.3.2;;
Monria;DSEC: The Taxonomy of the Yog III;DSEC: The Taxonomy of the Yog;Hunting;Kill 1000 Yog;No;Aim, Handgun, Dexterity or Laser Weaponry Technology - 75 pec tt value;Aim;Jeff Swansson;38116;21002;DSEC Forensics;DSEC: The Taxonomy of the Yog II;;;
Monria;DSEC: The Taxonomy of the Yog IV;DSEC: The Taxonomy of the Yog;Hunting;Kill 5000 Yog;No;Aim, Handgun, Dexterity or Laser Weaponry Technology - 156 pec tt value;Aim;Jeff Swansson;38116;21002;DSEC Forensics;DSEC: The Taxonomy of the Yog III;;;
Monria;DSEC: The Taxonomy of the Yog V;DSEC: The Taxonomy of the Yog;Hunting;Kill 10000 Yog;Yes;20 Psyche Tokens & 63 pec Evade or Dodge. 245 pec Support Weapon Systems or Evade.;Dodge;Jeff Swansson;38116;21002;DSEC Forensics;DSEC: The Taxonomy of the Yog IV;;;
Monria;DSEC: Zoldenite I;DSEC: Zoldenite;Mining;Find Zoldenite deposits worth 100 points;No;0.30 PED Surveying or 0.30 PED Drilling;Drilling;J.T.K;38150;22091;Monria Hub;;;;
Monria;DSEC: Zoldenite II;Zoldenite;Mining;Find Zoldenite deposits worth 500 points;No;1.50 PED Surveying or 1.50 PED Drilling;Drilling;J.T.K;38150;22091;Monria Hub;DSEC: Zoldenite I;;;
Monria;DSEC: Zoldenite III;Zoldenite;Mining;Find Zoldenite deposits worth 1000 points;No;3.00 PED Surveying or 3.00 PED Drilling;Drilling;J.T.K;38150;22091;Monria Hub;DSEC: Zoldenite II;;;
Monria;DSEC: Zoldenite IV;Zoldenite;Mining;Find Zoldenite deposits worth 10000 points;No;30 PED Surveying or 30 PED Drilling;Drilling;J.T.K;38150;22091;Monria Hub;DSEC: Zoldenite III;;;
Monria;DSEC has an eye on you; ;Exploring; ;No;3000 Weapon Cells; ;Andy Greenfield;38125;22095;Monria Hub;Help Andy Save His Team;;;
Hell;Duty Calls; ;Hunting;Kongs; ; ; ;Duty Calls;39393;19782;Club Hell;;;;
Planet Cyrene;Duvall's Daily: Living Vortex;Repeatable (Cyrene);Hunting;Living Vortex;Yes;Laser Weaponry Technology (eq. 0.63 PED implant), BLP Weaponry Technology, Weapons Handling or Combat Reflexes;BLP Weaponry Technology;Second Hand Hub Duvall;138419;77463;0x101 Supply Depot;;;;
Planet Cyrene;Duvall's Daily: Stalker Bots;Repeatable (Cyrene);Hunting;Stalker;Yes;Dodge;Dodge;Second Hand Hub Duvall;138419;77463;0x101 Supply Depot;;;;
Planet Toulan;Earn a Nawacore MK1; ;Hunting;Kill 100 Tabtab Young;No;NawaCore MK1; ;; ; ;;;;;
Planet Calypso;Earn respect; ; ; ; ;50 Combat Token; ;First Sergeant Richard Wolfe;55177;60145;Fort Victoria;Report to Fort Victoria;Planet Calypso 2011.3;;
Planet Cyrene;Electronic Component Enhancements;Repeatable (Cyrene);Mining;Kaisenite Ingots;Yes;Cyrene Mission Token; ;Requisitions Officer Smith;133131;74999;Tans'Ta'Oh;;Planet Cyrene 2012.1;;
Planet Cyrene;Empis Destroyer - Rank 1;Empis Destroyer;Hunting;Empis Wasps;No;Agility;Agility;A.R.C. Challenger Davis;138832;77120;;;12.8.2;;
Planet Cyrene;Empis Destroyer - Rank 2;Empis Destroyer;Hunting;Empis Wasps;No;Agility;Agility;A.R.C. Challenger Davis;138832;77120;;Empis Destroyer - Rank 1;;;
Planet Cyrene;Empis Destroyer - Rank 3;Empis Destroyer;Hunting;Empis Wasps;No;Agility;Agility;A.R.C. Challenger Davis;138832;77120;;Empis Destroyer - Rank 2;;;
Planet Cyrene;Empis Destroyer - Rank 4;Empis Destroyer;Hunting;Empis Wasps;No;Agility;Agility;A.R.C. Challenger Davis;138832;77120;;Empis Destroyer - Rank 3;;;
Planet Cyrene;Empis Destroyer - Rank 5;Empis Destroyer;Hunting;Empis Wasps;No;Agility;Agility;A.R.C. Challenger Davis;138832;77120;;Empis Destroyer - Rank 4;;;
Planet Calypso;Energy Readings; ; ;Help Derek obtain energy readings; ;0.01 PED Engineering; ;Electrician Derek;61726;88275;Cape Corinth;;;;
ROCKtropia;Enforcer;NWO Prison;Unknown;Unknown;No;Unknown; ;Enforcer; ; ;No Way Out Correctional facility;Mamba Mutiny;;;
Planet Cyrene;Even Craftier!; ;Crafting;Acquire or craft 5 Medium Power Cells;No;S.I. P.I.G.V. (L) + Oil; ;Engineer Ferguson;138847;77072;;;;;
Planet Calypso;Event Terminal information; ; ;Learn about Events; ;None; ;Port Atlantis Social Guide;61320;75178;Port Atlantis;Basic social information;11.3.3;;
Planet Calypso;Exaro-OW; ;Hunting;Kill Exarosaurs near North Swamp Camp; ; ;Aim;Linn;61957;76179;Port Atlantis;;;;
Planet Calypso;Explore the coast; ;Exploring; ; ;10 Combat Token; ;Geologist Chris Dover;55189;60131;;Report to Fort Victoria;Planet Calypso 2011.3;;
Planet Calypso;Exploring the area; ;Exploring; ; ;Mission Token; ;Soldier @ Base Falcon;55343;62012;Base Falcon;Travel to the next camp;Planet Calypso 2011.3;;
Planet Calypso;Exploring the swamp; ;Exploring;Explore the swamp; ;None; ;Explorer David Spellman;54225;64910;Odysseus Landing;;Planet Calypso 2011.3;;
Planet Calypso;Facing the enemy; ;Hunting;Infiltrate the crater and complete one of 4 objectives; ;None; ;Colonel Briers;61437;75135;Camp Phoenix;Crossroads: Fort Medusa;11.4.3;;
Planet Cyrene;Fashion Adviser Robuck; ;Introduction;None;No;Imperium Common Hat (M) or Imperium Common Hat (F); ;Fashion Adviser Robuck;138840;77712;;;;;
Next Island;Feed the people; ;Exploring;Run and errand for the Chef;No;Boar Steak; ;Jamie the Chef;135933;83344;Paradise Landing;;;;
Planet Calypso;Fertile Waters;Nus Lull;Searching;Retrieve a bag from the storage area in Nus Lull.;No;Courage; ;Professor Hamill;63170;75642;Nus Lull;;Planet Calypso 2013.1;;
Planet Cyrene;Field Detail - Rank 1;Field Detail;Hunting;Imperium Pilots;No;Intelligence;Intelligence;A.R.C. Challenger Nellar; ; ;;;12.8.2;;
Planet Cyrene;Field Detail - Rank 2;Field Detail;Hunting;Imperium Pilots;No;Intelligence;Intelligence;A.R.C. Challenger Nellar; ; ;;Field Detail - Rank 1;;;
Planet Cyrene;Field Detail - Rank 3;Field Detail;Hunting;Imperium Pilots;No;Intelligence;Intelligence;A.R.C. Challenger Nellar; ; ;;Field Detail - Rank 2;;;
Planet Cyrene;Field Detail - Rank 4;Field Detail;Hunting;Imperium Pilots;No;Intelligence;Intelligence;A.R.C. Challenger Nellar; ; ;;Field Detail - Rank 3;;;
Planet Cyrene;Field Detail - Rank 5;Field Detail;Hunting;Imperium Pilots;No;Intelligence;Bravado;A.R.C. Challenger Nellar; ; ;;Field Detail - Rank 4;;;
Ancient Greece;Find Batiatus; ;Exploring;Find Batiatus, a local leader; ; ; ;Haruspex Elder;36002;19856;;;;;
Planet Calypso;Finding the Path;Mad Prophet;Hunting;Troopers; ;None; ;Mad prophet;74820;68886;;;11.3.3;;
Planet Calypso;Finding water; ;Exploring; ; ;10 Combat Token; ;Dr. Jenna Zimsky;55341;61997;Base Falcon;Travel to the next camp;Planet Calypso 2011.3;;
Planet Calypso;Find RX-483; ; ; ; ;None; ;Mad prophet;74820;68886;;;11.10.3;;
Planet Calypso;Find the CDF Corinth Outposts; ;Exploring;Find CDF Outposts Alpha, Beta, Delta, Gamma, Epsilon, and Camp Phoenix;No;None; ;; ; ;Cape Corinth;The Armor Voucher;Planet Calypso 2017.4;;
Monria;Find the equipment; ;Exploring; ; ;Monrian Power System Blueprint; ;Sgt. Dawn Frasier;38397;20913;DSEC Forensics;Disrupt the ritual;;;
Planet Calypso;Find the lost vehicle parts; ;Exploring;Traeskeron; ;Mission Tokens; ;Bill Goldstein;54236;60487;;Thirst for revenge;Planet Calypso 2011.3;;
Planet Calypso;Find The Swamp Camp;Swamp Camp;Searching;Find Port Atlantis Swamp Camp;No;Vibrant Sweat; ;Port Atlantis Official;61375;75109;Port Atlantis;;10.8.0;;
Monria;Find the Weapons Depot; ;Exploring; ; ;Universal Ammo; ;Ben Connors;38127;22094;;;;;
Planet Calypso;Find Varinia;Adam;Operation;Find Varinia; ;Intelligence; ;Adam;20254;39627;;Adam's Anguish;11.2.5.5;;
Hunt The THING;Find Your Destination; ;Exploring;Go To The Research Facility or Armoury; ; ; ;; ; ;;Welcome To Camp Campbell;;;
Next Island;Fire, walk with me.; ; ;Walk across the burning path;No;None, but can update become a legend achievements; ;; ; ;;;;;
ROCKtropia;Follow The Main Road To New Harlem Studios;The Road To War; ;Follow The Main Road To New Harlem Studios; ;Continue Down The Road; ;Lt.Funk;136247;84761;;;;;
Planet Calypso;For discreet applicants only;For discreet applicants only;Operation;Place homing device on genesis star sensor; ;Nova Fragments; ;Mission Terminal Assignments, Fort Troy;80488;68318;Fort Troy;;11.0.3;;
Planet Calypso;Fort Sisyphus Reconnaissance; ;Exploring;Scout three locations;No;Perception (eq. 0.01 PED implant);Perception;Captain Atreida;62126;85393;;;;;
Next Island;Fractured Settlement; ; ; ; ; ; ;Ben Lockwood;136749;83652;Crystal Peak Teleport;New Elysian Order Exploration;;;
Planet Calypso;Fragmented; ;Hunting;Loot 100 fragments; ; ; ;; ; ;;;11.7.1;;
ROCKtropia;Frankies Construction; ;Hunting;Kill 30 Mulholland Boys;Yes;Silver Party Flasks; ;; ; ;City of Dreams;Frankies Fight Night I;;;
ROCKtropia;Frankies Empire I; ; ;Kill 100 Harlem Hustlers; ;80 Blank CD; ;; ; ;;;;;
ROCKtropia;Frankies Fight Night I; ;Exploring;Talk to Frankies; ;SkullROCKer Baseball Bat (L); ;Frankie Headstone;135332;88136;City of Dreams;;;;
ROCKtropia;Frankies Fight Night II; ; ;Kill 2 SoulShakers; ; ; ;; ; ;City of Dreams;;;;
ROCKtropia;Frankies Stereo; ; ;Kill 60 Stereo Jackers; ;20 Gray Cassettes; ;; ; ;;;;;
ROCKtropia;Freaky Phong;NWO Prison;PvP;Kill 1 player in PvP;No;None; ;Phong; ; ;No Way Out Correctional facility;Ox and Pals;;;
Planet Cyrene;Freshly Hatched - Rank 1;Freshly Hatched;Hunting;Empi;No;BLP Weaponry Technology;BLP Weaponry Technology;Coordinator Highgate;138827;77119;A.R.C. Staging;;;;
Planet Cyrene;Freshly Hatched - Rank 2;Freshly Hatched;Hunting;Empi;No;Dodge;Dodge;Coordinator Highgate;138827;77119;A.R.C. Staging;Freshly Hatched - Rank 1;;;
Planet Cyrene;Freshly Hatched - Rank 3;Freshly Hatched;Hunting;Empi;No; ; ;Coordinator Highgate;138827;77119;A.R.C. Staging;Freshly Hatched - Rank 2;;;
Planet Calypso;Frying Feffoids (Daily); ; ; ;yes; ; ;Corporal Zima;68815;84375;;Spectre in the Mist;;;
Planet Calypso;Further investigation; ;Hunting;Go to the digsite and Kill 50 Robots; ;40 Combat Token; ;Sergeant Conrad Christmas;51589;63663;;The robot digsite;Planet Calypso 2011.3;;
Planet Calypso;Gather 20 Vibrant Sweat;Swamp Camp;Sweat Gathering;Vibrant Sweat;No;Vibrant Sweat; ;Swamp Camp;62015;75560;PA Swamp Camp;Find The Swamp Camp;10.8.0;;
Planet Cyrene;Gathering Parts;Cyrene New Arrival;Hunting;Scout Bots;No;Cyrene Mission Token; ;Drill Instructor;138948;77587;;Trial By Fire;Planet Cyrene 2012.1;;
Planet Calypso;Gather part from Drone robot;Genesis Star Gather robot;Hunting;Electro Matrix; ;Nova Fragments; ;Mission Terminal Assignments, Fort Troy;80488;68318;Fort Troy;;11.0.3;;
Planet Calypso;Gather part from Eviscerator robots;Genesis Star Gather robot;Hunting;Magnetic Accelerator Power Unit; ;Nova Fragments; ;Mission Terminal Assignments, Fort Troy;80488;68318;East Scylla Mountains;;11.0.3;;
Planet Calypso;Gather part from Trooper robot;Genesis Star Gather robot;Hunting;Robot Radiator; ;Nova Fragments; ;Mission Terminal Assignments, Fort Troy;80488;68318;East Scylla Mountains;;11.0.3;;
Planet Cyrene;Gear up: New Fap - Stage 1;Gear up: New Fap;Hunting;Bones;No;Nothing; ;Medical Tech Orandius;138505;77286;0x101 Supply Depot;;;;
Planet Cyrene;Gear up: New Fap - Stage 2;Gear up: New Fap;Hunting;Bone-in Meats;No;Nothing; ;Medical Tech Orandius;138505;77286;0x101 Supply Depot;;;;
Planet Cyrene;Gear up: New Fap - Stage 3;Gear up: New Fap;Hunting;Weak Paneleon;No;Refurbished H.E.A.R.T. Rank I; ;Medical Tech Orandius;138505;77286;0x101 Supply Depot;;;;
Planet Cyrene;Gear up: New Fap - Stage 4;Gear up: New Fap;Hunting;Young Crystal Pede;No;Refurbished H.E.A.R.T. Rank II; ;Medical Tech Orandius;138505;77286;0x101 Supply Depot;;;;
Planet Cyrene;Gear up: New Fap - Stage 5;Gear up: New Fap;Hunting;Duster Scapegoats;No;Refurbished H.E.A.R.T. Rank III; ;Medical Tech Orandius;138505;77286;0x101 Supply Depot;;;;
Planet Cyrene;Gear up: New Fap - Stage 6;Gear up: New Fap;Hunting;Puny Nimets;No;Refurbished H.E.A.R.T. Rank IV; ;Medical Tech Orandius;138505;77286;0x101 Supply Depot;;;;
Planet Cyrene;Gear up: New Fap - Stage 7;Gear up: New Fap;Hunting;Breezy Living Vortex;No;Refurbished H.E.A.R.T. Rank V; ;Medical Tech Orandius;138505;77286;0x101 Supply Depot;;;;
Planet Cyrene;Gear up: New Fap - Stage 8;Gear up: New Fap;Hunting;Gale Living Vortexes;No;Refurbished H.E.A.R.T. Rank VI; ;Medical Tech Orandius;138505;77286;0x101 Supply Depot;;;;
Planet Calypso;George the vaccine guy;Mount Hephaistos Vaccine; ;Find George at the oasis and get the vaccine from him.;No;20 Combat Tokens; ;Major Jacobus;35475;60099;Jameson's Reach;The destroyed tank;Planet Calypso 2011.3;;
Next Island;Get Stel V.I.P Status; ;Hunting, Mining and Crafting;Kill 1,000 Island Sharks, Attempt to Craft 500 Island Shirts and Find 50 NI ore/enmatter worth 3 PED's;No; ; ;Gert;127594;82860;Oasis Outlook;;17.5;;
Planet Cyrene;Get Sweaty!;A.R.C. Faction;Sweating;Hand in 500 Sweat;Yes;A.R.C. Faction Badge; ;Andrina - Sweat Collections;138512;77280;0x101 Supply Depot;;;;
Planet Calypso;Get the Crystals (Daily); ; ;Feffoid;Yes;1 Daily Token; ;Ms. Leyana;61327;75263;Port Atlantis;;Planet Calypso 2011.4;;
Monria;Get the ooze; ; ; ; ;Universal Ammo; ;Chuck Iverson;38138;22110;;DSEC has an eye on you;;;
Planet Cyrene;Getting Battle Ready;Cyrene New Arrival; ; ; ; ; ;Drill Instructor;138948;77587;;In The Shadows;Planet Cyrene 2012.1;;
Planet Cyrene;Getting Crafty!; ;Crafting;Light Power Cells;No;Spear Mk I (L); ;Engineer Ferguson;138847;77072;;;Planet Cyrene 2012.2;;
Planet Cyrene;Getting Slimed;Repeatable (Cyrene);Hunting;Bile Jellyworms;Yes;Cyrene Mission Token; ;Captain Wrigley;138363;77687;A.R.C. Immigration - Zyn;;;;
Next Island;Getting the Fix; ;Exploring;Activate 4 sensors; ;None; ;0574-Samuel;137213;83315;Crystal Bay;Maintenance Problems;;;
ROCKtropia;Get To The Center of New Harlem Studios;The Road To War; ;Get To The Center of New Harlem Studios;No;Get To The Docks; ;Lt.Funk;136247;84761;;;;;
ROCKtropia;Get To The CND Patio Cave Exit;The Road To War; ;Get To The CND Patio Cave Exit; ;Get To The Other Side Of The Cave; ;Lt.Funk;136247;84761;;;11.7.1;;
ROCKtropia;Get To The Docks;The Road To War; ;Get To The Docks;No;Cross The Waters To Reach The Half Way Marker; ;Lt.Funk;136247;84761;;;;;
ROCKtropia;Get To The Main Road;The Road To War; ;Get To The Main Road; ;Follow The Main Road To New Harlem Studios; ;Lt.Funk;136247;84761;;;;;
ROCKtropia;Get To The Other Side Of The Cave;The Road To War; ;Get To The Other Side Of The Cave; ;Get To The Main Road; ;Lt.Funk;136247;84761;;;;;
Arkadia Moon;GMC Gamma Culling Stage 1;Gmc Gamma Culling;Hunting; GMC Gamma;No;Approx 0.5 PED Concentration;Concentration;Quest Terminal; ; ;;;15.17.1;;
Arkadia Moon;GMC Gamma Culling Stage 2;Gmc Gamma Culling;Hunting;GMC_gamma;No;Approx 1 PED Bravado;Bravado;Quest Terminal; ; ;;GMC Gamma Culling Stage 1;15.17.1;;
Arkadia Moon;GMC Gamma Culling Stage 3;Gmc Gamma Culling;Hunting;GMC_gamma;No;Approx 3 PED Evade;Evade;Quest Terminal; ; ;;GMC Gamma Culling Stage 2;15.17.1;;
Arkadia Moon;GMC Gamma Culling Stage 4;Gmc Gamma Culling;Hunting; GMC Gamma;No;Approx 6.5 PED First Aid;First Aid;Quest Terminal; ; ;;GMC Gamma Culling Stage 3;15.17.1;;
Arkadia Moon;Gmc Gamma Killpoints;Gmc Gamma Culling;Hunting; GMC Gamma;No;Approx 6 PED Courage;Courage;Quest Terminal; ; ;;GMC Gamma Culling Stage 4;15.17.1;;
Planet Calypso;Go along; ;Exploring;Go to the military base;No;10 Combat Token; ;Buddy Noes;40568;58554;Naval Station Triton;;Planet Calypso 2011.3;;
Planet Cyrene;Go check out the Hub; ;Exploring; ; ; ; ;Turrelion Envoy;138771;77658;;;Planet Cyrene 2012.5;;
Planet Calypso;Gold Challenge : Argonaut;Iron Challenge Argonauts;Hunting;Argonaut;No;Intelligence; ;Sandor Bauer;76816;79118;Jason Centre;;;;
Planet Calypso;Gold Challenge : Atrox;Iron Challenge Atrox;Hunting;Atrox;No;Stamina; ;Albert Iron Challenge Mission Broker;69458;88736;Fort Ithaca;Bronze Atrox Challenge;;;
Planet Toulan;Go meet Imran;Toulan starter;Exploration;Find Imran;No;None; ;Massoud;133497;93769;;Hunt 5 Qaffaz;;;
Ancient Greece;Gorgon's Shade Hunt;Deliver us from the Dark Queen;Hunting;Kill Achelous 4000 points;No;Elixir of the Gorgon's shade; ;; ; ;;Deliver us from the Dark Queen;;;
Planet Toulan;Go To Red Alert; ;Exploring;Find The 5 Bombs at key locations inside Al-Nahar City;No;?; ;; ; ;;;;;
Planet Calypso;Go to Research camp; ;Exploring;Travel to the Research camp; ;Combat Tokens; ;Explorer David Spellman;54225;64910;Odysseus Landing;Exploring the swamp;Planet Calypso 2011.3;;
Planet Calypso;Go to the robot psychologist camp;University of Valhalla;Exploring;Seek out Anna; ;None; ;Mission Terminal Assignments, Fort Troy;80488;68318;Fort Troy;;11.0.3;;
Planet Cyrene;Green Healing!;Repeatable (Cyrene);Mining;Green Crystals;Yes;Cyrene Mission Token; ;Requisitions Officer Kevin;138782;77094;A.R.C. Staging;;Planet Cyrene 2012.1;;
Planet Cyrene;Ground the Skies;Repeatable (Cyrene);Hunting;Small;Yes;Inflict Melee Damage;Inflict Melee Damage;James Henry - Loot Connoisseur;138850;77077;0x101 Supply Depot;;Planet Cyrene 2013.2;;
Planet Calypso;Guardian of the Paranoid;Nus Lull;Scouting;Patrol the area surrounding Nus Lull, report any mutant or robot sightings.;No;Courage; ;Professor Hamill;63170;75642;Nus Lull;A Sensitive Find;Planet Calypso 2013.1;;
Planet Cyrene;Guy's Mission; ;Hunting;Dire Weeds;No;Imperium Armor Plating I; ;Gardener Guy;138122;76323;;;;;
Hell;Hackathon I;Hackathon;Hunting;Demon Hacker;No;Laser Weaponry Technology;Cryogenics;Imprisoned Demon;39373;19750;Club Hell;;;;
Hell;Hackathon II;Hackathon;Hunting;Demon Hacker;No; Inflict Ranged Damage; ;Imprisoned Demon;39373;19750;Club Hell;Hackathon I;;;
Planet Cyrene;Hail! The Lazidol Summon!; ; ; ; ; ; ;Low Shaman - Spiritual Helper of the Zyn'Kimbro;139215;77977;Rookie Training Area;;;;
Planet Calypso;Halloween Mayhem; ; ; ; ;10 Halloween Candy Box; ;; ; ;;;;;
Planet Calypso;Halloween Mayhem Daily: Stage 01;Halloween Mayhem Daily;Hunting;Defeat Zombie Creatures in the instances;Yes;M Token; ;; ; ;;;15.19.1;;
Planet Calypso;Halloween Mayhem Daily: Stage 02;Halloween Mayhem Daily;Hunting;Defeat Zombie Creatures in the instances;Yes;M Token; ;; ; ;;;15.19.1;;
Planet Calypso;Halloween Mayhem Daily: Stage 03;Halloween Mayhem Daily;Hunting;Defeat Zombie Creatures in the instances;Yes;M Token; ;; ; ;;;15.19.1;;
Planet Calypso;Halloween Mayhem Daily: Stage 04;Halloween Mayhem Daily;Hunting;Defeat Zombie Creatures in the instances;Yes;M Token; ;; ; ;;;15.19.1;;
Planet Calypso;Halloween Mayhem Daily: Stage 05;Halloween Mayhem Daily;Hunting;Defeat Zombie Creatures in the instances;Yes;M Token; ;; ; ;;;15.19.1;;
Planet Calypso;Halloween Mayhem Daily: Stage 06;Halloween Mayhem Daily;Hunting;Defeat Zombie Creatures in the instances;Yes;M Token; ;; ; ;;;15.19.1;;
Planet Calypso;Halloween Mayhem Daily: Stage 07;Halloween Mayhem Daily;Hunting;Defeat Zombie Creatures in the instances;Yes;M Token; ;; ; ;;;15.19.1;;
Planet Calypso;Halloween Mayhem Daily: Stage 08;Halloween Mayhem Daily;Hunting;Defeat Zombie Creatures in the instances;Yes;M Token; ;; ; ;;;15.19.1;;
Planet Calypso;Halloween Mayhem Daily: Stage 09;Halloween Mayhem Daily;Hunting;Defeat Zombie Creatures in the instances;Yes;M Token; ;; ; ;;;15.19.1;;
Planet Calypso;Halloween Mayhem Daily: Stage 10;Halloween Mayhem Daily;Hunting;Defeat Zombie Creatures in the instances;Yes;M Token; ;; ; ;;;15.19.1;;
Planet Calypso;Hangar Hangout;Tutorial Chain;Searching;Travel To Spaceport Helios;No;None; ;Rusty;68492;70759;Scott's Ridge;The Grand Finale;Planet Calypso 2012.4;;
Planet Calypso;Hard Evidence; ;Hunting;Collect 10 ores from local Argonauts; ;EWE EP-1 Neutron (L) or Universal Ammo 0.24 PED; ;; ; ;Port Atlantis;Stroll on the Beach;;;
Next Island;Haruspex Exploration; ;Exploring;Find the camp, kill 15 Yellow Papoo, find the Data Pad, visit Orpheus' Cave;No;1200 Universal Ammo; ;Lee Davies;136476;84432;First-Wave Settlement;;;;
ROCKtropia;Hating on Haters Vol I;Hating on Haters;Hunting;Kill 100 Haters; ;Concentration(0.09PED) or Perception(0.26PED) or Alertness(0.17PED);Alertness;Kristi;135303;89410;New Harlem;;;;
ROCKtropia;Hating on Haters Vol II;Hating on Haters;Hunting;Kill 500 Haters;No;Handgun (1.31ped) OR Rifle (1.31ped) OR Longblades (1.31ped);Handgun;Kristi;135303;89410;New Harlem;Hating on Haters Vol I;;;
ROCKtropia;Hating on Haters Vol III;Hating on Haters;Hunting;Kill 1000 Hater;No; ; ;Kristi;135303;89410;New Harlem;Hating on Haters Vol II;;;
ROCKtropia;Hating on Haters Vol IV;Hating on Haters;Hunting;Hater;no;Combat Reflexes;Combat Reflexes;Kristi;135303;89410;New Harlem;Hating on Haters Vol III;;;
ROCKtropia;Hauxley's Hound Dogs #1;Hauxley's Hound Dogs;Hunting;Elvis Dragon;No;Intelligence; ;Commander Hauxley;131945;83382;;;12.4.2;;
ROCKtropia;Hauxley's Hound Dogs #2;Hauxley's Hound Dogs;Hunting;Elvis Dragon;No;Psyche; ;Commander Hauxley;131945;83382;;Hauxley's Hound Dogs #1;12.4.2;;
Next Island;Healing; ;Healing;Learn how to use the healing tool;No;NI Herbbox New Settler Issue; ;Li;135950;83379;Paradise Landing;;15.20.2;;
Next Island;Helen's Super Epic Hunting Adventure; ;Hunting;Mutant Boar;No;Helen Venture's Walking Stick Blueprint; ;Helen Venture;137219;83317;Crystal Peak Teleport;;;;
Monria;Help Andy Save His Team; ;Hunting;Kill 5 Shoggoths;No; ; ;Andy Greenfield;38125;22095;Monria Hub;Craft on Monria;;;
Planet Calypso;Help clear the area; ;Hunting;Kill 70 insects; ;30 Combat Token; ;Dr. Lisa Cane;51592;63642;Odysseus Landing;Something fishy;Planet Calypso 2011.3;;
Planet Cyrene;Helping Harwell; ;Hunting;Tree Dragons;No;Imperium Armor Plating I; ;Private Harwell;138783;77095;;;Planet Calypso 2012.3;;
Planet Cyrene;Help the Cap'n; ;Hunting;Imperium Scout;No;Imperium Armor Plating I; ;Captain Doan;138337;77219;;;Planet Calypso 2012.3;;
Planet Toulan;Herbal Remedies; ;Exploring;Find 4 Cheefa;No;Fanoos Medical V1 (L); ;Qais;134283;93676;;;;;
ROCKtropia;Hey DJ!; ; ;Talk to DJ Global; ;ROCKtropia Mobile Phone; ;Trey;135444;88172;New Harlem;Treys City of Dreams Tour;;;
Planet Calypso;High Pressure; ;Talking;Help Sisko monitor the pressure in tank two while he transfers the liquid..;No;Oil; ;Sisko;63148;75657;Nus Lull;;Planet Calypso 2013.1;;
Planet Calypso;Holding Fort Sisyphus I;Calypso: Holding Fort Sisyphus;Hunting;Destroy 35 Prototype Drones, Gen 05;No;Piece of CDF Scout Armor worth 0.40 PED and 4400 Universal Ammo; ;Captain Atreida;62126;85393;;;;;
Planet Calypso;Holding Fort Sisyphus II;Calypso: Holding Fort Sisyphus;Hunting;Destroy 40 Prototype Drones, Gen 06;No;Piece of CDF Scout Armor worth 0.40 PED and 5600 Universal Ammo; ;Captain Atreida;62126;85393;;Holding Fort Sisyphus I;;;
Planet Calypso;Holding Fort Sisyphus III;Calypso: Holding Fort Sisyphus;Hunting;Destroy 45 Prototype Drokas, Gen 04;No;Piece of CDF Scout Armor worth 0.40 PED and 6800 Universal Ammo; ;Captain Atreida;62126;85393;;Holding Fort Sisyphus II;;;
Planet Calypso;Holding Fort Sisyphus IV;Calypso: Holding Fort Sisyphus;Hunting;Destroy 50 Prototype Drokas, Gen 05;No;Piece of CDF Scout Armor worth 0.40 PED and 8000 Universal Ammo; ;Captain Atreida;62126;85393;;Holding Fort Sisyphus III;;;
Planet Cyrene;Hollingsworth's Other Task; ;Hunting;Swamplurkers;No;Imperium Armor Plating I; ;Hollingsworth;138779;77090;;Help the Cap'n;Planet Cyrene 2012.1;;
Planet Calypso;HOOK, LINE AND SINKER; ;Hunting;Collect Sweat & Blood Sample;Yes;Hussk; ;Vice Admiral McManus; ; ;;;Planet Calypso 2012.3;;
Planet Toulan;Hunt 2 Dahhar;Toulan starter;Hunting;Kill 2 Dahhar;No;Weapons Handling (0.08 PED TT); ;Kareem;134616;94325;;Herbal Remedies;;;
Planet Toulan;Hunt 5 Qaffaz;Toulan starter;Hunting;Kill 5 Qaffaz;No;Dodge (0.06 PED TT); ;Massoud;133497;93769;;Meet Massoud;;;
Planet Toulan;Hunt 10 Tabtab Young;Toulan starter;Hunting;Kill 10 Tabtab Young;No;3300 Weapon Cells; ;Bilal;132629;94071;;Meet Bilal at the Citadel;;;
Planet Toulan;Hunt 20 Thawr (Daily); ;Hunting;Kill 20 Thawr;Yes;~ 0.10 ped Laser Weaponry Technology; ;Aziz;133731;93213;;;;;
Planet Toulan;Hunt 30 Caboria (Daily); ;Hunting;Hunt 30 Caboria;Yes;0.03 PED Aim; ;Aziz;133731;93213;;;;;
Planet Toulan;Hunt 35 Bahri (Daily); ;Hunting;Bahri;Yes;Perception (0.09 PED TT);Perception;Aziz;133731;93213;;;;;
